{"features":[{"bbox":[173.489184,-35.007883,173.513904,-35.001274],"geometry":{"coordinates":[[[173.489184,-35.001274],[173.501029,-35.003876],[173.506007,-35.005422],[173.504462,-35.006969],[173.506007,-35.007883],[173.51047,-35.006617],[173.513904,-35.005704]]],"type":"MultiLineString"},"id":1,"properties":{"activity":"Survey","end_time":"2026-08-07T03:36:08.000","id":"default-project-tracks.18574","layer":"Weedmanager - Project 445 - default-project-tracks","notes":"","path":"{\"type\":\"FeatureCollection\",\"features\":[{\"type\":\"Feature\",\"id\":\"default-project-tracks.18574\",\"geometry\":{\"type\":\"MultiLineString\",\"coordinates\":[[[173.489184,-35.001274],[173.501029,-35.003876],[173.506007,-35.005422],[173.504462,-35.006969],[173.506007,-35.007883],[173.51047,-35.006617],[173.513904,-35.005704]]]},\"geometry_name\":\"loc\",\"properties\":{\"project\":\"test\",\"project_id\":445,\"track\":\"testtrack\",\"start_time\":\"2026-08-07T03:36:08\",\"end_time\":\"2026-08-07T03:36:08\",\"activity\":\"Survey\",\"notes\":\"\"},\"bbox\":[173.489184,-35.007883,173.513904,-35.001274]}],\"totalFeatures\":1,\"numberMatched\":1,\"numberReturned\":1,\"timeStamp\":\"2026-09-10T22:39:50.585Z\",\"crs\":{\"type\":\"name\",\"properties\":{\"name\":\"urn:ogc:def:crs:EPSG::4326\"}},\"bbox\":[173.489184,-35.007883,173.513904,-35.001274]}","project":"test","project_id":445,"start_time":"2026-08-07T03:36:08.000","track":"testtrack"},"type":"Feature"},{"bbox":[173.467025,-35.036937,173.467472,-35.036469],"geometry":{"coordinates":[[[173.467176,-35.036469],[173.467142,-35.036473],[173.467108,-35.036475],[173.467068,-35.036475],[173.467037,-35.036491],[173.46703,-35.036522],[173.467025,-35.036551],[173.467034,-35.036583],[173.467068,-35.0366],[173.467103,-35.036616],[173.467116,-35.036645],[173.467123,-35.036673],[173.467111,-35.0367],[173.467106,-35.036728],[173.467083,-35.036749],[173.467086,-35.036777],[173.467102,-35.036801],[173.467131,-35.036816],[173.467148,-35.036841],[173.467172,-35.036861],[173.467191,-35.036885],[173.467253,-35.036897],[173.467285,-35.036907],[173.467322,-35.036937],[173.467357,-35.036937],[173.467387,-35.036924],[173.467427,-35.036919],[173.467472,-35.03693]]],"type":"MultiLineString"},"id":2,"properties":{"activity":"","end_time":"2026-01-28T22:52:03.000","id":"default-project-tracks.11996","layer":"Weedmanager - Project 314 - default-project-tracks","notes":"","path":"{\"type\":\"FeatureCollection\",\"features\":[{\"type\":\"Feature\",\"id\":\"default-project-tracks.11996\",\"geometry\":{\"type\":\"MultiLineString\",\"coordinates\":[[[173.4671761,-35.0364685],[173.4671422,-35.0364732],[173.4671082,-35.0364746],[173.4670676,-35.0364745],[173.4670365,-35.0364909],[173.4670296,-35.0365219],[173.4670249,-35.0365511],[173.4670341,-35.0365825],[173.4670678,-35.0365998],[173.4671025,-35.0366162],[173.4671156,-35.036645],[173.4671233,-35.0366729],[173.4671112,-35.0366997],[173.4671063,-35.0367277],[173.4670829,-35.0367486],[173.4670864,-35.036777],[173.4671023,-35.0368013],[173.4671307,-35.0368156],[173.4671476,-35.0368412],[173.4671715,-35.0368606],[173.467191,-35.0368846],[173.4672529,-35.0368966],[173.4672846,-35.0369072],[173.4673217,-35.0369365],[173.4673569,-35.0369365],[173.4673865,-35.0369243],[173.4674268,-35.036919],[173.4674723,-35.0369303]]]},\"geometry_name\":\"loc\",\"properties\":{\"project\":\"Paranui Swamp Forest\",\"project_id\":314,\"track\":\"Trad patch 1\",\"start_time\":\"2026-01-28T22:47:38\",\"end_time\":\"2026-01-28T22:52:03\",\"activity\":\"\",\"notes\":\"\"},\"bbox\":[173.4670249,-35.0369365,173.4674723,-35.0364685]},{\"type\":\"Feature\",\"id\":\"default-project-tracks.11997\",\"geometry\":{\"type\":\"MultiLineString\",\"coordinates\":[[[173.4671761,-35.0364685],[173.4671422,-35.0364732],[173.4671082,-35.0364746],[173.4670676,-35.0364745],[173.4670365,-35.0364909],[173.4670296,-35.0365219],[173.4670249,-35.0365511],[173.4670341,-35.0365825],[173.4670678,-35.0365998],[173.4671025,-35.0366162],[173.4671156,-35.036645],[173.4671233,-35.0366729],[173.4671112,-35.0366997],[173.4671063,-35.0367277],[173.4670829,-35.0367486],[173.4670864,-35.036777],[173.4671023,-35.0368013],[173.4671307,-35.0368156],[173.4671476,-35.0368412],[173.4671715,-35.0368606],[173.467191,-35.0368846],[173.4672529,-35.0368966],[173.4672846,-35.0369072],[173.4673217,-35.0369365],[173.4673569,-35.0369365],[173.4673865,-35.0369243],[173.4674268,-35.036919],[173.4674723,-35.0369303]]]},\"geometry_name\":\"loc\",\"properties\":{\"project\":\"Paranui Swamp Forest\",\"project_id\":314,\"track\":\"Trad patch 1\",\"start_time\":\"2026-01-28T22:47:38\",\"end_time\":\"2026-01-28T22:52:03\",\"activity\":\"\",\"notes\":\"\"},\"bbox\":[173.4670249,-35.0369365,173.4674723,-35.0364685]},{\"type\":\"Feature\",\"id\":\"default-project-tracks.12004\",\"geometry\":{\"type\":\"MultiLineString\",\"coordinates\":[[[173.4668953,-35.0361526],[173.4668617,-35.0361653],[173.4668709,-35.0361995],[173.4668781,-35.0362292],[173.4669054,-35.0362472],[173.4669377,-35.0362559],[173.4669614,-35.0362747],[173.4669632,-35.0363049],[173.4669397,-35.0363271],[173.4669478,-35.0363555],[173.4669516,-35.0363858],[173.466949,-35.0364197],[173.4669221,-35.0364398],[173.4668929,-35.0364529],[173.4668632,-35.0364722],[173.4668288,-35.036408],[173.4668094,-35.0363809],[173.4667794,-35.0363671],[173.4667509,-35.0363535],[173.4667374,-35.0363265],[173.4667374,-35.0363267],[173.4667374,-35.0363267],[173.4667364,-35.0363282],[173.466737,-35.0363282],[173.4667103,-35.0363087],[173.4667017,-35.0362821],[173.4666679,-35.0362768],[173.4666449,-35.0362553],[173.4666122,-35.0362496],[173.4665825,-35.0362276],[173.4665642,-35.0362048],[173.4665498,-35.0361769],[173.4665227,-35.0361555],[173.4664885,-35.0361599],[173.4664609,-35.0361425],[173.4664198,-35.0361099],[173.466424,-35.0360828],[173.4664542,-35.03607],[173.4664872,-35.0360668],[173.4665352,-35.0360397],[173.4665352,-35.0360397],[173.4665352,-35.0360397],[173.4665172,-35.0360114],[173.466489,-35.0359941],[173.4664758,-35.0359672],[173.4664864,-35.0359394],[173.4664663,-35.0358893],[173.466467,-35.035848],[173.4664987,-35.035859]]]},\"geometry_name\":\"loc\",\"properties\":{\"project\":\"Paranui Swamp Forest\",\"project_id\":314,\"track\":\"Trad patch 2\",\"start_time\":\"2026-01-28T23:14:26\",\"end_time\":\"2026-01-28T23:25:19\",\"activity\":\"\",\"notes\":\"\"},\"bbox\":[173.4664198,-35.0364722,173.4669632,-35.035848]},{\"type\":\"Feature\",\"id\":\"default-project-tracks.12005\",\"geometry\":{\"type\":\"MultiLineString\",\"coordinates\":[[[173.4668953,-35.0361526],[173.4668617,-35.0361653],[173.4668709,-35.0361995],[173.4668781,-35.0362292],[173.4669054,-35.0362472],[173.4669377,-35.0362559],[173.4669614,-35.0362747],[173.4669632,-35.0363049],[173.4669397,-35.0363271],[173.4669478,-35.0363555],[173.4669516,-35.0363858],[173.466949,-35.0364197],[173.4669221,-35.0364398],[173.4668929,-35.0364529],[173.4668632,-35.0364722],[173.4668288,-35.036408],[173.4668094,-35.0363809],[173.4667794,-35.0363671],[173.4667509,-35.0363535],[173.4667374,-35.0363265],[173.4667374,-35.0363267],[173.4667374,-35.0363267],[173.4667364,-35.0363282],[173.466737,-35.0363282],[173.4667103,-35.0363087],[173.4667017,-35.0362821],[173.4666679,-35.0362768],[173.4666449,-35.0362553],[173.4666122,-35.0362496],[173.4665825,-35.0362276],[173.4665642,-35.0362048],[173.4665498,-35.0361769],[173.4665227,-35.0361555],[173.4664885,-35.0361599],[173.4664609,-35.0361425],[173.4664198,-35.0361099],[173.466424,-35.0360828],[173.4664542,-35.03607],[173.4664872,-35.0360668],[173.4665352,-35.0360397],[173.4665352,-35.0360397],[173.4665352,-35.0360397],[173.4665172,-35.0360114],[173.466489,-35.0359941],[173.4664758,-35.0359672],[173.4664864,-35.0359394],[173.4664663,-35.0358893],[173.466467,-35.035848],[173.4664987,-35.035859]]]},\"geometry_name\":\"loc\",\"properties\":{\"project\":\"Paranui Swamp Forest\",\"project_id\":314,\"track\":\"Trad patch 2\",\"start_time\":\"2026-01-28T23:14:26\",\"end_time\":\"2026-01-28T23:25:19\",\"activity\":\"\",\"notes\":\"\"},\"bbox\":[173.4664198,-35.0364722,173.4669632,-35.035848]},{\"type\":\"Feature\",\"id\":\"default-project-tracks.12046\",\"geometry\":{\"type\":\"MultiLineString\",\"coordinates\":[[[173.4659375,-35.035513],[173.4659693,-35.0355483],[173.465949,-35.0355767],[173.4659138,-35.0355773],[173.4658768,-35.035553],[173.4658495,-35.0355371],[173.4658549,-35.0355049],[173.4658027,-35.0354828],[173.46577,-35.0355065],[173.4657306,-35.0355106],[173.4657034,-35.0355331],[173.4656677,-35.0355164],[173.4656537,-35.0354919],[173.465615,-35.0355014],[173.465571,-35.0355051],[173.4655413,-35.03554],[173.4655042,-35.0355631],[173.4654739,-35.0355818],[173.4654321,-35.0355859],[173.4654548,-35.0355633],[173.4654712,-35.0355298],[173.4655145,-35.0355182],[173.4654887,-35.0354955],[173.4655273,-35.0354897],[173.4655426,-35.0355154],[173.4655294,-35.035473],[173.4655781,-35.0354683],[173.4656151,-35.0354679],[173.4656476,-35.035457],[173.465673,-35.0354348],[173.4656752,-35.0354735],[173.4657233,-35.0354651],[173.4657285,-35.0354311],[173.465738,-35.0354022],[173.4657671,-35.0353876],[173.4657821,-35.0353538],[173.4658223,-35.0353634],[173.4658381,-35.0353943],[173.4658491,-35.0354201],[173.4658828,-35.0354337],[173.4659256,-35.035446],[173.4659577,-35.0354604],[173.4659713,-35.0354927]]]},\"geometry_name\":\"loc\",\"properties\":{\"project\":\"Paranui Swamp Forest\",\"project_id\":314,\"track\":\"Trad patch 3\",\"start_time\":\"2026-01-29T00:59:50\",\"end_time\":\"2026-01-29T01:10:42\",\"activity\":\"\",\"notes\":\"\"},\"bbox\":[173.4654321,-35.0355859,173.4659713,-35.0353538]},{\"type\":\"Feature\",\"id\":\"default-project-tracks.12047\",\"geometry\":{\"type\":\"MultiLineString\",\"coordinates\":[[[173.4659375,-35.035513],[173.4659693,-35.0355483],[173.465949,-35.0355767],[173.4659138,-35.0355773],[173.4658768,-35.035553],[173.4658495,-35.0355371],[173.4658549,-35.0355049],[173.4658027,-35.0354828],[173.46577,-35.0355065],[173.4657306,-35.0355106],[173.4657034,-35.0355331],[173.4656677,-35.0355164],[173.4656537,-35.0354919],[173.465615,-35.0355014],[173.465571,-35.0355051],[173.4655413,-35.03554],[173.4655042,-35.0355631],[173.4654739,-35.0355818],[173.4654321,-35.0355859],[173.4654548,-35.0355633],[173.4654712,-35.0355298],[173.4655145,-35.0355182],[173.4654887,-35.0354955],[173.4655273,-35.0354897],[173.4655426,-35.0355154],[173.4655294,-35.035473],[173.4655781,-35.0354683],[173.4656151,-35.0354679],[173.4656476,-35.035457],[173.465673,-35.0354348],[173.4656752,-35.0354735],[173.4657233,-35.0354651],[173.4657285,-35.0354311],[173.465738,-35.0354022],[173.4657671,-35.0353876],[173.4657821,-35.0353538],[173.4658223,-35.0353634],[173.4658381,-35.0353943],[173.4658491,-35.0354201],[173.4658828,-35.0354337],[173.4659256,-35.035446],[173.4659577,-35.0354604],[173.4659713,-35.0354927]]]},\"geometry_name\":\"loc\",\"properties\":{\"project\":\"Paranui Swamp Forest\",\"project_id\":314,\"track\":\"Trad patch 3\",\"start_time\":\"2026-01-29T00:59:50\",\"end_time\":\"2026-01-29T01:10:42\",\"activity\":\"\",\"notes\":\"\"},\"bbox\":[173.4654321,-35.0355859,173.4659713,-35.0353538]},{\"type\":\"Feature\",\"id\":\"default-project-tracks.12132\",\"geometry\":{\"type\":\"MultiLineString\",\"coordinates\":[[[173.4659375,-35.035513],[173.4659693,-35.0355483],[173.465949,-35.0355767],[173.4659138,-35.0355773],[173.4658768,-35.035553],[173.4658495,-35.0355371],[173.4658549,-35.0355049],[173.4658027,-35.0354828],[173.46577,-35.0355065],[173.4657306,-35.0355106],[173.4657034,-35.0355331],[173.4656677,-35.0355164],[173.4656537,-35.0354919],[173.465615,-35.0355014],[173.465571,-35.0355051],[173.4655413,-35.03554],[173.4655042,-35.0355631],[173.4654739,-35.0355818],[173.4654321,-35.0355859],[173.4654548,-35.0355633],[173.4654712,-35.0355298],[173.4655145,-35.0355182],[173.4654887,-35.0354955],[173.4655273,-35.0354897],[173.4655426,-35.0355154],[173.4655294,-35.035473],[173.4655781,-35.0354683],[173.4656151,-35.0354679],[173.4656476,-35.035457],[173.465673,-35.0354348],[173.4656752,-35.0354735],[173.4657233,-35.0354651],[173.4657285,-35.0354311],[173.465738,-35.0354022],[173.4657671,-35.0353876],[173.4657821,-35.0353538],[173.4658223,-35.0353634],[173.4658381,-35.0353943],[173.4658491,-35.0354201],[173.4658828,-35.0354337],[173.4659256,-35.035446],[173.4659577,-35.0354604],[173.4659713,-35.0354927]]]},\"geometry_name\":\"loc\",\"properties\":{\"project\":\"Paranui Swamp Forest\",\"project_id\":314,\"track\":\"Trad patch 3\",\"start_time\":\"2026-01-29T00:59:50\",\"end_time\":\"2026-01-29T01:10:42\",\"activity\":\"\",\"notes\":\"\"},\"bbox\":[173.4654321,-35.0355859,173.4659713,-35.0353538]},{\"type\":\"Feature\",\"id\":\"default-project-tracks.12133\",\"geometry\":{\"type\":\"MultiLineString\",\"coordinates\":[[[173.4659375,-35.035513],[173.4659693,-35.0355483],[173.465949,-35.0355767],[173.4659138,-35.0355773],[173.4658768,-35.035553],[173.4658495,-35.0355371],[173.4658549,-35.0355049],[173.4658027,-35.0354828],[173.46577,-35.0355065],[173.4657306,-35.0355106],[173.4657034,-35.0355331],[173.4656677,-35.0355164],[173.4656537,-35.0354919],[173.465615,-35.0355014],[173.465571,-35.0355051],[173.4655413,-35.03554],[173.4655042,-35.0355631],[173.4654739,-35.0355818],[173.4654321,-35.0355859],[173.4654548,-35.0355633],[173.4654712,-35.0355298],[173.4655145,-35.0355182],[173.4654887,-35.0354955],[173.4655273,-35.0354897],[173.4655426,-35.0355154],[173.4655294,-35.035473],[173.4655781,-35.0354683],[173.4656151,-35.0354679],[173.4656476,-35.035457],[173.465673,-35.0354348],[173.4656752,-35.0354735],[173.4657233,-35.0354651],[173.4657285,-35.0354311],[173.465738,-35.0354022],[173.4657671,-35.0353876],[173.4657821,-35.0353538],[173.4658223,-35.0353634],[173.4658381,-35.0353943],[173.4658491,-35.0354201],[173.4658828,-35.0354337],[173.4659256,-35.035446],[173.4659577,-35.0354604],[173.4659713,-35.0354927]]]},\"geometry_name\":\"loc\",\"properties\":{\"project\":\"Paranui Swamp Forest\",\"project_id\":314,\"track\":\"Trad patch 3\",\"start_time\":\"2026-01-29T00:59:50\",\"end_time\":\"2026-01-29T01:10:42\",\"activity\":\"\",\"notes\":\"\"},\"bbox\":[173.4654321,-35.0355859,173.4659713,-35.0353538]},{\"type\":\"Feature\",\"id\":\"default-project-tracks.18635\",\"geometry\":{\"type\":\"MultiLineString\",\"coordinates\":[[[173.4635861,-35.0355865],[173.4635861,-35.0355865],[173.4635763,-35.0355896],[173.4635763,-35.0355896],[173.4635589,-35.0355995],[173.4635589,-35.0355995],[173.463553,-35.0355666],[173.463553,-35.0355666],[173.4635439,-35.0355367],[173.4635439,-35.0355367],[173.4635402,-35.0355089],[173.4635402,-35.0355089],[173.4635572,-35.035495],[173.4635572,-35.035495],[173.4635447,-35.0354696],[173.4635447,-35.0354696],[173.4635122,-35.0354737],[173.4635122,-35.0354737],[173.4635374,-35.035446],[173.4635374,-35.035446],[173.4635009,-35.0354515],[173.4635009,-35.0354515],[173.4635174,-35.0354507],[173.4635174,-35.0354507],[173.463484,-35.0354473],[173.463484,-35.0354473],[173.4634743,-35.035418],[173.4634743,-35.035418],[173.4634643,-35.035392],[173.4634643,-35.035392],[173.4634343,-35.0353807],[173.4634343,-35.0353807],[173.4634686,-35.0353911],[173.4634686,-35.0353911],[173.4634376,-35.0354009],[173.4634376,-35.0354009],[173.463418,-35.0354235],[173.463418,-35.0354235],[173.4634319,-35.0354181],[173.4634319,-35.0354181],[173.463404,-35.0354336],[173.463404,-35.0354336],[173.463419,-35.0354243],[173.463419,-35.0354243],[173.4634187,-35.0354174],[173.4634187,-35.0354174],[173.4633875,-35.0354072],[173.4633875,-35.0354072],[173.463371,-35.0354202],[173.463371,-35.0354202],[173.4633417,-35.0353976],[173.4633417,-35.0353976],[173.4633588,-35.035374],[173.4633588,-35.035374],[173.4633385,-35.0353966],[173.4633385,-35.0353966],[173.4633176,-35.0354187],[173.4633176,-35.0354187],[173.4633119,-35.0354345],[173.4633119,-35.0354345],[173.4632816,-35.0354234],[173.4632816,-35.0354234],[173.463273,-35.0354209],[173.463273,-35.0354209],[173.4632545,-35.0353984],[173.4632545,-35.0353984],[173.4632237,-35.0353874],[173.4632237,-35.0353874],[173.4631904,-35.0353815],[173.4631904,-35.0353815],[173.4632203,-35.0353944],[173.4632203,-35.0353944],[173.4632164,-35.0354219],[173.4632164,-35.0354219],[173.4631921,-35.0354286],[173.4631921,-35.0354286],[173.4632233,-35.0354384],[173.4632233,-35.0354384],[173.4632504,-35.035454],[173.4632504,-35.035454],[173.4632844,-35.0354573],[173.4632844,-35.0354573],[173.4633153,-35.0354444],[173.4633153,-35.0354444],[173.4633415,-35.0354271],[173.4633415,-35.0354271],[173.4633741,-35.0354217],[173.4633741,-35.0354217],[173.4633997,-35.0354417],[173.4633997,-35.0354417],[173.463425,-35.03546],[173.463425,-35.03546],[173.4634561,-35.0354731],[173.4634561,-35.0354731],[173.4634872,-35.0354851],[173.4634872,-35.0354851],[173.4634919,-35.035484],[173.4634919,-35.035484],[173.4634908,-35.0355112],[173.4634908,-35.0355112],[173.4635235,-35.0355243],[173.4635235,-35.0355243],[173.4635162,-35.0355464],[173.4635162,-35.0355464],[173.4635448,-35.0355323],[173.4635448,-35.0355323],[173.4635547,-35.0355621],[173.4635547,-35.0355621],[173.4635418,-35.0355544],[173.4635418,-35.0355544],[173.4635531,-35.0355494],[173.4635531,-35.0355494],[173.4635531,-35.0355494],[173.4635531,-35.0355494],[173.4635531,-35.0355493],[173.4635531,-35.0355493],[173.4635532,-35.0355493],[173.4635532,-35.0355493],[173.4635532,-35.0355493],[173.4635532,-35.0355493],[173.4635532,-35.0355493],[173.4635532,-35.0355493],[173.4635533,-35.0355493],[173.4635533,-35.0355493],[173.4635533,-35.0355493],[173.4635533,-35.0355493],[173.4635855,-35.0355606],[173.4635855,-35.0355606],[173.4636172,-35.0355694],[173.4636172,-35.0355694],[173.4636289,-35.0355742],[173.4636289,-35.0355742],[173.4636531,-35.0355552],[173.4636531,-35.0355552],[173.463658,-35.0355262],[173.463658,-35.0355262],[173.463643,-35.0355018],[173.463643,-35.0355018],[173.4636289,-35.0354938],[173.4636289,-35.0354938],[173.4635957,-35.0354921],[173.4635957,-35.0354921],[173.4636166,-35.0355162],[173.4636166,-35.0355162],[173.4636337,-35.0355393],[173.4636337,-35.0355393],[173.4636649,-35.035555],[173.4636649,-35.035555],[173.4637002,-35.035556],[173.4637002,-35.035556],[173.4636689,-35.0355728],[173.4636689,-35.0355728],[173.4636571,-35.0355989],[173.4636571,-35.0355989],[173.463662,-35.0356282],[173.463662,-35.0356282],[173.4636264,-35.0356147],[173.4636264,-35.0356147],[173.463662,-35.035626],[173.463662,-35.035626],[173.4636958,-35.0356309],[173.4636958,-35.0356309],[173.4636729,-35.035651],[173.4636729,-35.035651],[173.4636618,-35.0356778],[173.4636618,-35.0356778],[173.4636675,-35.0356944],[173.4636675,-35.0356944],[173.463701,-35.0356978],[173.463701,-35.0356978],[173.4637067,-35.0357248],[173.4637067,-35.0357248],[173.4637232,-35.0357395],[173.4637232,-35.0357395],[173.4637186,-35.0357689],[173.4637186,-35.0357689],[173.4637453,-35.0357851],[173.4637453,-35.0357851],[173.4637609,-35.0357611],[173.4637609,-35.0357611],[173.4637622,-35.035794],[173.4637622,-35.035794],[173.4637573,-35.0357995],[173.4637573,-35.0357995],[173.4637744,-35.0358114],[173.4637744,-35.0358114],[173.46381,-35.0358234],[173.46381,-35.0358234],[173.4638279,-35.0358007],[173.4638279,-35.0358007],[173.4638276,-35.0357973],[173.4638276,-35.0357973],[173.4638392,-35.0357964],[173.4638392,-35.0357964],[173.4638211,-35.0357738],[173.4638211,-35.0357738],[173.4637942,-35.0357558],[173.4637942,-35.0357558],[173.4637814,-35.0357304],[173.4637814,-35.0357304],[173.4637895,-35.0357037],[173.4637895,-35.0357037],[173.4638146,-35.0356859],[173.4638146,-35.0356859],[173.4638115,-35.0357051],[173.4638115,-35.0357051],[173.4637954,-35.0357287],[173.4637954,-35.0357287],[173.4638045,-35.035702],[173.4638045,-35.035702],[173.4638215,-35.0356777],[173.4638215,-35.0356777],[173.4637937,-35.0356773],[173.4637937,-35.0356773],[173.4637809,-35.0356519],[173.4637809,-35.0356519],[173.4637475,-35.0356508],[173.4637475,-35.0356508],[173.4637171,-35.035666],[173.4637171,-35.035666],[173.4636845,-35.0356541],[173.4636845,-35.0356541],[173.4636517,-35.0356598],[173.4636517,-35.0356598],[173.4636244,-35.0356444],[173.4636244,-35.0356444],[173.4636051,-35.0356663],[173.4636051,-35.0356663],[173.4636119,-35.0356928],[173.4636119,-35.0356928],[173.4636172,-35.0356957],[173.4636172,-35.0356957],[173.4636204,-35.0357227],[173.4636204,-35.0357227],[173.463632,-35.0356955],[173.463632,-35.0356955],[173.4636015,-35.0356834],[173.4636015,-35.0356834],[173.4635895,-35.0356833],[173.4635895,-35.0356833],[173.463578,-35.0357089],[173.463578,-35.0357089],[173.4635742,-35.0357185],[173.4635742,-35.0357185],[173.4635915,-35.0356943],[173.4635915,-35.0356943],[173.4635775,-35.0356692],[173.4635775,-35.0356692],[173.4635442,-35.0356606],[173.4635442,-35.0356606],[173.4635247,-35.0356689],[173.4635247,-35.0356689],[173.4635557,-35.035659],[173.4635557,-35.035659],[173.4635247,-35.0356474],[173.4635247,-35.0356474],[173.4634913,-35.0356442],[173.4634913,-35.0356442],[173.4634863,-35.0356435],[173.4634863,-35.0356435],[173.4634863,-35.0356435],[173.4634863,-35.0356435],[173.4634957,-35.0356172],[173.4634957,-35.0356172],[173.4634654,-35.0356044],[173.4634654,-35.0356044],[173.4634626,-35.0355774],[173.4634626,-35.0355774],[173.4634515,-35.0356039],[173.4634515,-35.0356039],[173.4634478,-35.035631],[173.4634478,-35.035631],[173.4634558,-35.0356436],[173.4634558,-35.0356436],[173.4634558,-35.0356436],[173.4634558,-35.0356436],[173.4634625,-35.0356168],[173.4634625,-35.0356168],[173.4634711,-35.0355905],[173.4634711,-35.0355905],[173.4634794,-35.035563],[173.4634794,-35.035563],[173.4634753,-35.0355359],[173.4634753,-35.0355359],[173.4634604,-35.0355097],[173.4634604,-35.0355097],[173.4634443,-35.0354858],[173.4634443,-35.0354858]]]},\"geometry_name\":\"loc\",\"properties\":{\"project\":\"Paranui Swamp Forest\",\"project_id\":314,\"track\":\"Privet D&F\",\"start_time\":\"2026-08-09T22:02:58\",\"end_time\":\"2026-08-10T00:02:11\",\"activity\":\"\",\"notes\":\"\"},\"bbox\":[173.4631904,-35.0358234,173.4638392,-35.035374]},{\"type\":\"Feature\",\"id\":\"default-project-tracks.19160\",\"geometry\":{\"type\":\"MultiLineString\",\"coordinates\":[[[173.4712762,-35.04035],[173.4712762,-35.04035],[173.4712361,-35.0403352],[173.4712361,-35.0403352],[173.4712124,-35.0403151],[173.4712124,-35.0403151],[173.4711772,-35.0403184],[173.4711772,-35.0403184],[173.4711569,-35.0403432],[173.4711569,-35.0403432],[173.4711374,-35.0403655],[173.4711374,-35.0403655],[173.4711005,-35.0403711],[173.4711005,-35.0403711],[173.4710781,-35.0403923],[173.4710781,-35.0403923],[173.4710488,-35.0404116],[173.4710488,-35.0404116],[173.4710186,-35.0404282],[173.4710186,-35.0404282],[173.4710441,-35.0404462],[173.4710441,-35.0404462],[173.4710581,-35.040474],[173.4710581,-35.040474],[173.4710647,-35.0405009],[173.4710647,-35.0405009],[173.4710897,-35.0405234],[173.4710897,-35.0405234],[173.4711126,-35.0405488],[173.4711126,-35.0405488],[173.471146,-35.0405719],[173.471146,-35.0405719],[173.471169,-35.0405927],[173.471169,-35.0405927],[173.4711531,-35.0406169],[173.4711531,-35.0406169],[173.4711161,-35.0406287],[173.4711161,-35.0406287],[173.4710795,-35.0406358],[173.4710795,-35.0406358],[173.4710448,-35.040653],[173.4710448,-35.040653],[173.4710775,-35.0406702],[173.4710775,-35.0406702],[173.4711163,-35.0406832],[173.4711163,-35.0406832],[173.4711423,-35.0407062],[173.4711423,-35.0407062],[173.4711341,-35.0407368],[173.4711341,-35.0407368],[173.4711026,-35.0407529],[173.4711026,-35.0407529],[173.4710705,-35.0407689],[173.4710705,-35.0407689],[173.4710987,-35.0407923],[173.4710987,-35.0407923],[173.4711332,-35.0407883],[173.4711332,-35.0407883],[173.4711642,-35.0407745],[173.4711642,-35.0407745],[173.4711932,-35.04076],[173.4711932,-35.04076],[173.4712082,-35.0407344],[173.4712082,-35.0407344],[173.4712299,-35.0407128],[173.4712299,-35.0407128],[173.4712181,-35.0406836],[173.4712181,-35.0406836],[173.4712021,-35.0406567],[173.4712021,-35.0406567],[173.4711771,-35.0406365],[173.4711771,-35.0406365],[173.4711835,-35.0405882],[173.4711835,-35.0405882],[173.4712036,-35.0405522],[173.4712036,-35.0405522],[173.4712396,-35.0405248],[173.4712396,-35.0405248],[173.4712621,-35.0405008],[173.4712621,-35.0405008],[173.4712902,-35.0404769],[173.4712902,-35.0404769],[173.4713241,-35.0404602],[173.4713241,-35.0404602],[173.4713463,-35.04044],[173.4713463,-35.04044],[173.471374,-35.0404221],[173.471374,-35.0404221],[173.4714075,-35.0404037],[173.4714075,-35.0404037],[173.4714428,-35.0403894],[173.4714428,-35.0403894],[173.4714731,-35.0404016],[173.4714731,-35.0404016],[173.4715062,-35.0404177],[173.4715062,-35.0404177],[173.4715375,-35.0404051],[173.4715375,-35.0404051]]]},\"geometry_name\":\"loc\",\"properties\":{\"project\":\"Paranui Swamp Forest\",\"project_id\":314,\"track\":\"Jasmine scout \",\"start_time\":\"2026-08-30T22:15:03\",\"end_time\":\"2026-08-30T22:20:45\",\"activity\":\"\",\"notes\":\"\"},\"bbox\":[173.4710186,-35.0407923,173.4715375,-35.0403151]}],\"totalFeatures\":10,\"numberMatched\":10,\"numberReturned\":10,\"timeStamp\":\"2026-09-10T22:39:55.491Z\",\"crs\":{\"type\":\"name\",\"properties\":{\"name\":\"urn:ogc:def:crs:EPSG::4326\"}},\"bbox\":[173.4631904,-35.0407923,173.4715375,-35.0353538]}","project":"Paranui Swamp Forest","project_id":314,"start_time":"2026-01-28T22:47:38.000","track":"Trad patch 1"},"type":"Feature"},{"bbox":[173.467025,-35.036937,173.467472,-35.036469],"geometry":{"coordinates":[[[173.467176,-35.036469],[173.467142,-35.036473],[173.467108,-35.036475],[173.467068,-35.036475],[173.467037,-35.036491],[173.46703,-35.036522],[173.467025,-35.036551],[173.467034,-35.036583],[173.467068,-35.0366],[173.467103,-35.036616],[173.467116,-35.036645],[173.467123,-35.036673],[173.467111,-35.0367],[173.467106,-35.036728],[173.467083,-35.036749],[173.467086,-35.036777],[173.467102,-35.036801],[173.467131,-35.036816],[173.467148,-35.036841],[173.467172,-35.036861],[173.467191,-35.036885],[173.467253,-35.036897],[173.467285,-35.036907],[173.467322,-35.036937],[173.467357,-35.036937],[173.467387,-35.036924],[173.467427,-35.036919],[173.467472,-35.03693]]],"type":"MultiLineString"},"id":3,"properties":{"activity":"","end_time":"2026-01-28T22:52:03.000","id":"default-project-tracks.11997","layer":"Weedmanager - Project 314 - default-project-tracks","notes":"","path":"{\"type\":\"FeatureCollection\",\"features\":[{\"type\":\"Feature\",\"id\":\"default-project-tracks.11996\",\"geometry\":{\"type\":\"MultiLineString\",\"coordinates\":[[[173.4671761,-35.0364685],[173.4671422,-35.0364732],[173.4671082,-35.0364746],[173.4670676,-35.0364745],[173.4670365,-35.0364909],[173.4670296,-35.0365219],[173.4670249,-35.0365511],[173.4670341,-35.0365825],[173.4670678,-35.0365998],[173.4671025,-35.0366162],[173.4671156,-35.036645],[173.4671233,-35.0366729],[173.4671112,-35.0366997],[173.4671063,-35.0367277],[173.4670829,-35.0367486],[173.4670864,-35.036777],[173.4671023,-35.0368013],[173.4671307,-35.0368156],[173.4671476,-35.0368412],[173.4671715,-35.0368606],[173.467191,-35.0368846],[173.4672529,-35.0368966],[173.4672846,-35.0369072],[173.4673217,-35.0369365],[173.4673569,-35.0369365],[173.4673865,-35.0369243],[173.4674268,-35.036919],[173.4674723,-35.0369303]]]},\"geometry_name\":\"loc\",\"properties\":{\"project\":\"Paranui Swamp Forest\",\"project_id\":314,\"track\":\"Trad patch 1\",\"start_time\":\"2026-01-28T22:47:38\",\"end_time\":\"2026-01-28T22:52:03\",\"activity\":\"\",\"notes\":\"\"},\"bbox\":[173.4670249,-35.0369365,173.4674723,-35.0364685]},{\"type\":\"Feature\",\"id\":\"default-project-tracks.11997\",\"geometry\":{\"type\":\"MultiLineString\",\"coordinates\":[[[173.4671761,-35.0364685],[173.4671422,-35.0364732],[173.4671082,-35.0364746],[173.4670676,-35.0364745],[173.4670365,-35.0364909],[173.4670296,-35.0365219],[173.4670249,-35.0365511],[173.4670341,-35.0365825],[173.4670678,-35.0365998],[173.4671025,-35.0366162],[173.4671156,-35.036645],[173.4671233,-35.0366729],[173.4671112,-35.0366997],[173.4671063,-35.0367277],[173.4670829,-35.0367486],[173.4670864,-35.036777],[173.4671023,-35.0368013],[173.4671307,-35.0368156],[173.4671476,-35.0368412],[173.4671715,-35.0368606],[173.467191,-35.0368846],[173.4672529,-35.0368966],[173.4672846,-35.0369072],[173.4673217,-35.0369365],[173.4673569,-35.0369365],[173.4673865,-35.0369243],[173.4674268,-35.036919],[173.4674723,-35.0369303]]]},\"geometry_name\":\"loc\",\"properties\":{\"project\":\"Paranui Swamp Forest\",\"project_id\":314,\"track\":\"Trad patch 1\",\"start_time\":\"2026-01-28T22:47:38\",\"end_time\":\"2026-01-28T22:52:03\",\"activity\":\"\",\"notes\":\"\"},\"bbox\":[173.4670249,-35.0369365,173.4674723,-35.0364685]},{\"type\":\"Feature\",\"id\":\"default-project-tracks.12004\",\"geometry\":{\"type\":\"MultiLineString\",\"coordinates\":[[[173.4668953,-35.0361526],[173.4668617,-35.0361653],[173.4668709,-35.0361995],[173.4668781,-35.0362292],[173.4669054,-35.0362472],[173.4669377,-35.0362559],[173.4669614,-35.0362747],[173.4669632,-35.0363049],[173.4669397,-35.0363271],[173.4669478,-35.0363555],[173.4669516,-35.0363858],[173.466949,-35.0364197],[173.4669221,-35.0364398],[173.4668929,-35.0364529],[173.4668632,-35.0364722],[173.4668288,-35.036408],[173.4668094,-35.0363809],[173.4667794,-35.0363671],[173.4667509,-35.0363535],[173.4667374,-35.0363265],[173.4667374,-35.0363267],[173.4667374,-35.0363267],[173.4667364,-35.0363282],[173.466737,-35.0363282],[173.4667103,-35.0363087],[173.4667017,-35.0362821],[173.4666679,-35.0362768],[173.4666449,-35.0362553],[173.4666122,-35.0362496],[173.4665825,-35.0362276],[173.4665642,-35.0362048],[173.4665498,-35.0361769],[173.4665227,-35.0361555],[173.4664885,-35.0361599],[173.4664609,-35.0361425],[173.4664198,-35.0361099],[173.466424,-35.0360828],[173.4664542,-35.03607],[173.4664872,-35.0360668],[173.4665352,-35.0360397],[173.4665352,-35.0360397],[173.4665352,-35.0360397],[173.4665172,-35.0360114],[173.466489,-35.0359941],[173.4664758,-35.0359672],[173.4664864,-35.0359394],[173.4664663,-35.0358893],[173.466467,-35.035848],[173.4664987,-35.035859]]]},\"geometry_name\":\"loc\",\"properties\":{\"project\":\"Paranui Swamp Forest\",\"project_id\":314,\"track\":\"Trad patch 2\",\"start_time\":\"2026-01-28T23:14:26\",\"end_time\":\"2026-01-28T23:25:19\",\"activity\":\"\",\"notes\":\"\"},\"bbox\":[173.4664198,-35.0364722,173.4669632,-35.035848]},{\"type\":\"Feature\",\"id\":\"default-project-tracks.12005\",\"geometry\":{\"type\":\"MultiLineString\",\"coordinates\":[[[173.4668953,-35.0361526],[173.4668617,-35.0361653],[173.4668709,-35.0361995],[173.4668781,-35.0362292],[173.4669054,-35.0362472],[173.4669377,-35.0362559],[173.4669614,-35.0362747],[173.4669632,-35.0363049],[173.4669397,-35.0363271],[173.4669478,-35.0363555],[173.4669516,-35.0363858],[173.466949,-35.0364197],[173.4669221,-35.0364398],[173.4668929,-35.0364529],[173.4668632,-35.0364722],[173.4668288,-35.036408],[173.4668094,-35.0363809],[173.4667794,-35.0363671],[173.4667509,-35.0363535],[173.4667374,-35.0363265],[173.4667374,-35.0363267],[173.4667374,-35.0363267],[173.4667364,-35.0363282],[173.466737,-35.0363282],[173.4667103,-35.0363087],[173.4667017,-35.0362821],[173.4666679,-35.0362768],[173.4666449,-35.0362553],[173.4666122,-35.0362496],[173.4665825,-35.0362276],[173.4665642,-35.0362048],[173.4665498,-35.0361769],[173.4665227,-35.0361555],[173.4664885,-35.0361599],[173.4664609,-35.0361425],[173.4664198,-35.0361099],[173.466424,-35.0360828],[173.4664542,-35.03607],[173.4664872,-35.0360668],[173.4665352,-35.0360397],[173.4665352,-35.0360397],[173.4665352,-35.0360397],[173.4665172,-35.0360114],[173.466489,-35.0359941],[173.4664758,-35.0359672],[173.4664864,-35.0359394],[173.4664663,-35.0358893],[173.466467,-35.035848],[173.4664987,-35.035859]]]},\"geometry_name\":\"loc\",\"properties\":{\"project\":\"Paranui Swamp Forest\",\"project_id\":314,\"track\":\"Trad patch 2\",\"start_time\":\"2026-01-28T23:14:26\",\"end_time\":\"2026-01-28T23:25:19\",\"activity\":\"\",\"notes\":\"\"},\"bbox\":[173.4664198,-35.0364722,173.4669632,-35.035848]},{\"type\":\"Feature\",\"id\":\"default-project-tracks.12046\",\"geometry\":{\"type\":\"MultiLineString\",\"coordinates\":[[[173.4659375,-35.035513],[173.4659693,-35.0355483],[173.465949,-35.0355767],[173.4659138,-35.0355773],[173.4658768,-35.035553],[173.4658495,-35.0355371],[173.4658549,-35.0355049],[173.4658027,-35.0354828],[173.46577,-35.0355065],[173.4657306,-35.0355106],[173.4657034,-35.0355331],[173.4656677,-35.0355164],[173.4656537,-35.0354919],[173.465615,-35.0355014],[173.465571,-35.0355051],[173.4655413,-35.03554],[173.4655042,-35.0355631],[173.4654739,-35.0355818],[173.4654321,-35.0355859],[173.4654548,-35.0355633],[173.4654712,-35.0355298],[173.4655145,-35.0355182],[173.4654887,-35.0354955],[173.4655273,-35.0354897],[173.4655426,-35.0355154],[173.4655294,-35.035473],[173.4655781,-35.0354683],[173.4656151,-35.0354679],[173.4656476,-35.035457],[173.465673,-35.0354348],[173.4656752,-35.0354735],[173.4657233,-35.0354651],[173.4657285,-35.0354311],[173.465738,-35.0354022],[173.4657671,-35.0353876],[173.4657821,-35.0353538],[173.4658223,-35.0353634],[173.4658381,-35.0353943],[173.4658491,-35.0354201],[173.4658828,-35.0354337],[173.4659256,-35.035446],[173.4659577,-35.0354604],[173.4659713,-35.0354927]]]},\"geometry_name\":\"loc\",\"properties\":{\"project\":\"Paranui Swamp Forest\",\"project_id\":314,\"track\":\"Trad patch 3\",\"start_time\":\"2026-01-29T00:59:50\",\"end_time\":\"2026-01-29T01:10:42\",\"activity\":\"\",\"notes\":\"\"},\"bbox\":[173.4654321,-35.0355859,173.4659713,-35.0353538]},{\"type\":\"Feature\",\"id\":\"default-project-tracks.12047\",\"geometry\":{\"type\":\"MultiLineString\",\"coordinates\":[[[173.4659375,-35.035513],[173.4659693,-35.0355483],[173.465949,-35.0355767],[173.4659138,-35.0355773],[173.4658768,-35.035553],[173.4658495,-35.0355371],[173.4658549,-35.0355049],[173.4658027,-35.0354828],[173.46577,-35.0355065],[173.4657306,-35.0355106],[173.4657034,-35.0355331],[173.4656677,-35.0355164],[173.4656537,-35.0354919],[173.465615,-35.0355014],[173.465571,-35.0355051],[173.4655413,-35.03554],[173.4655042,-35.0355631],[173.4654739,-35.0355818],[173.4654321,-35.0355859],[173.4654548,-35.0355633],[173.4654712,-35.0355298],[173.4655145,-35.0355182],[173.4654887,-35.0354955],[173.4655273,-35.0354897],[173.4655426,-35.0355154],[173.4655294,-35.035473],[173.4655781,-35.0354683],[173.4656151,-35.0354679],[173.4656476,-35.035457],[173.465673,-35.0354348],[173.4656752,-35.0354735],[173.4657233,-35.0354651],[173.4657285,-35.0354311],[173.465738,-35.0354022],[173.4657671,-35.0353876],[173.4657821,-35.0353538],[173.4658223,-35.0353634],[173.4658381,-35.0353943],[173.4658491,-35.0354201],[173.4658828,-35.0354337],[173.4659256,-35.035446],[173.4659577,-35.0354604],[173.4659713,-35.0354927]]]},\"geometry_name\":\"loc\",\"properties\":{\"project\":\"Paranui Swamp Forest\",\"project_id\":314,\"track\":\"Trad patch 3\",\"start_time\":\"2026-01-29T00:59:50\",\"end_time\":\"2026-01-29T01:10:42\",\"activity\":\"\",\"notes\":\"\"},\"bbox\":[173.4654321,-35.0355859,173.4659713,-35.0353538]},{\"type\":\"Feature\",\"id\":\"default-project-tracks.12132\",\"geometry\":{\"type\":\"MultiLineString\",\"coordinates\":[[[173.4659375,-35.035513],[173.4659693,-35.0355483],[173.465949,-35.0355767],[173.4659138,-35.0355773],[173.4658768,-35.035553],[173.4658495,-35.0355371],[173.4658549,-35.0355049],[173.4658027,-35.0354828],[173.46577,-35.0355065],[173.4657306,-35.0355106],[173.4657034,-35.0355331],[173.4656677,-35.0355164],[173.4656537,-35.0354919],[173.465615,-35.0355014],[173.465571,-35.0355051],[173.4655413,-35.03554],[173.4655042,-35.0355631],[173.4654739,-35.0355818],[173.4654321,-35.0355859],[173.4654548,-35.0355633],[173.4654712,-35.0355298],[173.4655145,-35.0355182],[173.4654887,-35.0354955],[173.4655273,-35.0354897],[173.4655426,-35.0355154],[173.4655294,-35.035473],[173.4655781,-35.0354683],[173.4656151,-35.0354679],[173.4656476,-35.035457],[173.465673,-35.0354348],[173.4656752,-35.0354735],[173.4657233,-35.0354651],[173.4657285,-35.0354311],[173.465738,-35.0354022],[173.4657671,-35.0353876],[173.4657821,-35.0353538],[173.4658223,-35.0353634],[173.4658381,-35.0353943],[173.4658491,-35.0354201],[173.4658828,-35.0354337],[173.4659256,-35.035446],[173.4659577,-35.0354604],[173.4659713,-35.0354927]]]},\"geometry_name\":\"loc\",\"properties\":{\"project\":\"Paranui Swamp Forest\",\"project_id\":314,\"track\":\"Trad patch 3\",\"start_time\":\"2026-01-29T00:59:50\",\"end_time\":\"2026-01-29T01:10:42\",\"activity\":\"\",\"notes\":\"\"},\"bbox\":[173.4654321,-35.0355859,173.4659713,-35.0353538]},{\"type\":\"Feature\",\"id\":\"default-project-tracks.12133\",\"geometry\":{\"type\":\"MultiLineString\",\"coordinates\":[[[173.4659375,-35.035513],[173.4659693,-35.0355483],[173.465949,-35.0355767],[173.4659138,-35.0355773],[173.4658768,-35.035553],[173.4658495,-35.0355371],[173.4658549,-35.0355049],[173.4658027,-35.0354828],[173.46577,-35.0355065],[173.4657306,-35.0355106],[173.4657034,-35.0355331],[173.4656677,-35.0355164],[173.4656537,-35.0354919],[173.465615,-35.0355014],[173.465571,-35.0355051],[173.4655413,-35.03554],[173.4655042,-35.0355631],[173.4654739,-35.0355818],[173.4654321,-35.0355859],[173.4654548,-35.0355633],[173.4654712,-35.0355298],[173.4655145,-35.0355182],[173.4654887,-35.0354955],[173.4655273,-35.0354897],[173.4655426,-35.0355154],[173.4655294,-35.035473],[173.4655781,-35.0354683],[173.4656151,-35.0354679],[173.4656476,-35.035457],[173.465673,-35.0354348],[173.4656752,-35.0354735],[173.4657233,-35.0354651],[173.4657285,-35.0354311],[173.465738,-35.0354022],[173.4657671,-35.0353876],[173.4657821,-35.0353538],[173.4658223,-35.0353634],[173.4658381,-35.0353943],[173.4658491,-35.0354201],[173.4658828,-35.0354337],[173.4659256,-35.035446],[173.4659577,-35.0354604],[173.4659713,-35.0354927]]]},\"geometry_name\":\"loc\",\"properties\":{\"project\":\"Paranui Swamp Forest\",\"project_id\":314,\"track\":\"Trad patch 3\",\"start_time\":\"2026-01-29T00:59:50\",\"end_time\":\"2026-01-29T01:10:42\",\"activity\":\"\",\"notes\":\"\"},\"bbox\":[173.4654321,-35.0355859,173.4659713,-35.0353538]},{\"type\":\"Feature\",\"id\":\"default-project-tracks.18635\",\"geometry\":{\"type\":\"MultiLineString\",\"coordinates\":[[[173.4635861,-35.0355865],[173.4635861,-35.0355865],[173.4635763,-35.0355896],[173.4635763,-35.0355896],[173.4635589,-35.0355995],[173.4635589,-35.0355995],[173.463553,-35.0355666],[173.463553,-35.0355666],[173.4635439,-35.0355367],[173.4635439,-35.0355367],[173.4635402,-35.0355089],[173.4635402,-35.0355089],[173.4635572,-35.035495],[173.4635572,-35.035495],[173.4635447,-35.0354696],[173.4635447,-35.0354696],[173.4635122,-35.0354737],[173.4635122,-35.0354737],[173.4635374,-35.035446],[173.4635374,-35.035446],[173.4635009,-35.0354515],[173.4635009,-35.0354515],[173.4635174,-35.0354507],[173.4635174,-35.0354507],[173.463484,-35.0354473],[173.463484,-35.0354473],[173.4634743,-35.035418],[173.4634743,-35.035418],[173.4634643,-35.035392],[173.4634643,-35.035392],[173.4634343,-35.0353807],[173.4634343,-35.0353807],[173.4634686,-35.0353911],[173.4634686,-35.0353911],[173.4634376,-35.0354009],[173.4634376,-35.0354009],[173.463418,-35.0354235],[173.463418,-35.0354235],[173.4634319,-35.0354181],[173.4634319,-35.0354181],[173.463404,-35.0354336],[173.463404,-35.0354336],[173.463419,-35.0354243],[173.463419,-35.0354243],[173.4634187,-35.0354174],[173.4634187,-35.0354174],[173.4633875,-35.0354072],[173.4633875,-35.0354072],[173.463371,-35.0354202],[173.463371,-35.0354202],[173.4633417,-35.0353976],[173.4633417,-35.0353976],[173.4633588,-35.035374],[173.4633588,-35.035374],[173.4633385,-35.0353966],[173.4633385,-35.0353966],[173.4633176,-35.0354187],[173.4633176,-35.0354187],[173.4633119,-35.0354345],[173.4633119,-35.0354345],[173.4632816,-35.0354234],[173.4632816,-35.0354234],[173.463273,-35.0354209],[173.463273,-35.0354209],[173.4632545,-35.0353984],[173.4632545,-35.0353984],[173.4632237,-35.0353874],[173.4632237,-35.0353874],[173.4631904,-35.0353815],[173.4631904,-35.0353815],[173.4632203,-35.0353944],[173.4632203,-35.0353944],[173.4632164,-35.0354219],[173.4632164,-35.0354219],[173.4631921,-35.0354286],[173.4631921,-35.0354286],[173.4632233,-35.0354384],[173.4632233,-35.0354384],[173.4632504,-35.035454],[173.4632504,-35.035454],[173.4632844,-35.0354573],[173.4632844,-35.0354573],[173.4633153,-35.0354444],[173.4633153,-35.0354444],[173.4633415,-35.0354271],[173.4633415,-35.0354271],[173.4633741,-35.0354217],[173.4633741,-35.0354217],[173.4633997,-35.0354417],[173.4633997,-35.0354417],[173.463425,-35.03546],[173.463425,-35.03546],[173.4634561,-35.0354731],[173.4634561,-35.0354731],[173.4634872,-35.0354851],[173.4634872,-35.0354851],[173.4634919,-35.035484],[173.4634919,-35.035484],[173.4634908,-35.0355112],[173.4634908,-35.0355112],[173.4635235,-35.0355243],[173.4635235,-35.0355243],[173.4635162,-35.0355464],[173.4635162,-35.0355464],[173.4635448,-35.0355323],[173.4635448,-35.0355323],[173.4635547,-35.0355621],[173.4635547,-35.0355621],[173.4635418,-35.0355544],[173.4635418,-35.0355544],[173.4635531,-35.0355494],[173.4635531,-35.0355494],[173.4635531,-35.0355494],[173.4635531,-35.0355494],[173.4635531,-35.0355493],[173.4635531,-35.0355493],[173.4635532,-35.0355493],[173.4635532,-35.0355493],[173.4635532,-35.0355493],[173.4635532,-35.0355493],[173.4635532,-35.0355493],[173.4635532,-35.0355493],[173.4635533,-35.0355493],[173.4635533,-35.0355493],[173.4635533,-35.0355493],[173.4635533,-35.0355493],[173.4635855,-35.0355606],[173.4635855,-35.0355606],[173.4636172,-35.0355694],[173.4636172,-35.0355694],[173.4636289,-35.0355742],[173.4636289,-35.0355742],[173.4636531,-35.0355552],[173.4636531,-35.0355552],[173.463658,-35.0355262],[173.463658,-35.0355262],[173.463643,-35.0355018],[173.463643,-35.0355018],[173.4636289,-35.0354938],[173.4636289,-35.0354938],[173.4635957,-35.0354921],[173.4635957,-35.0354921],[173.4636166,-35.0355162],[173.4636166,-35.0355162],[173.4636337,-35.0355393],[173.4636337,-35.0355393],[173.4636649,-35.035555],[173.4636649,-35.035555],[173.4637002,-35.035556],[173.4637002,-35.035556],[173.4636689,-35.0355728],[173.4636689,-35.0355728],[173.4636571,-35.0355989],[173.4636571,-35.0355989],[173.463662,-35.0356282],[173.463662,-35.0356282],[173.4636264,-35.0356147],[173.4636264,-35.0356147],[173.463662,-35.035626],[173.463662,-35.035626],[173.4636958,-35.0356309],[173.4636958,-35.0356309],[173.4636729,-35.035651],[173.4636729,-35.035651],[173.4636618,-35.0356778],[173.4636618,-35.0356778],[173.4636675,-35.0356944],[173.4636675,-35.0356944],[173.463701,-35.0356978],[173.463701,-35.0356978],[173.4637067,-35.0357248],[173.4637067,-35.0357248],[173.4637232,-35.0357395],[173.4637232,-35.0357395],[173.4637186,-35.0357689],[173.4637186,-35.0357689],[173.4637453,-35.0357851],[173.4637453,-35.0357851],[173.4637609,-35.0357611],[173.4637609,-35.0357611],[173.4637622,-35.035794],[173.4637622,-35.035794],[173.4637573,-35.0357995],[173.4637573,-35.0357995],[173.4637744,-35.0358114],[173.4637744,-35.0358114],[173.46381,-35.0358234],[173.46381,-35.0358234],[173.4638279,-35.0358007],[173.4638279,-35.0358007],[173.4638276,-35.0357973],[173.4638276,-35.0357973],[173.4638392,-35.0357964],[173.4638392,-35.0357964],[173.4638211,-35.0357738],[173.4638211,-35.0357738],[173.4637942,-35.0357558],[173.4637942,-35.0357558],[173.4637814,-35.0357304],[173.4637814,-35.0357304],[173.4637895,-35.0357037],[173.4637895,-35.0357037],[173.4638146,-35.0356859],[173.4638146,-35.0356859],[173.4638115,-35.0357051],[173.4638115,-35.0357051],[173.4637954,-35.0357287],[173.4637954,-35.0357287],[173.4638045,-35.035702],[173.4638045,-35.035702],[173.4638215,-35.0356777],[173.4638215,-35.0356777],[173.4637937,-35.0356773],[173.4637937,-35.0356773],[173.4637809,-35.0356519],[173.4637809,-35.0356519],[173.4637475,-35.0356508],[173.4637475,-35.0356508],[173.4637171,-35.035666],[173.4637171,-35.035666],[173.4636845,-35.0356541],[173.4636845,-35.0356541],[173.4636517,-35.0356598],[173.4636517,-35.0356598],[173.4636244,-35.0356444],[173.4636244,-35.0356444],[173.4636051,-35.0356663],[173.4636051,-35.0356663],[173.4636119,-35.0356928],[173.4636119,-35.0356928],[173.4636172,-35.0356957],[173.4636172,-35.0356957],[173.4636204,-35.0357227],[173.4636204,-35.0357227],[173.463632,-35.0356955],[173.463632,-35.0356955],[173.4636015,-35.0356834],[173.4636015,-35.0356834],[173.4635895,-35.0356833],[173.4635895,-35.0356833],[173.463578,-35.0357089],[173.463578,-35.0357089],[173.4635742,-35.0357185],[173.4635742,-35.0357185],[173.4635915,-35.0356943],[173.4635915,-35.0356943],[173.4635775,-35.0356692],[173.4635775,-35.0356692],[173.4635442,-35.0356606],[173.4635442,-35.0356606],[173.4635247,-35.0356689],[173.4635247,-35.0356689],[173.4635557,-35.035659],[173.4635557,-35.035659],[173.4635247,-35.0356474],[173.4635247,-35.0356474],[173.4634913,-35.0356442],[173.4634913,-35.0356442],[173.4634863,-35.0356435],[173.4634863,-35.0356435],[173.4634863,-35.0356435],[173.4634863,-35.0356435],[173.4634957,-35.0356172],[173.4634957,-35.0356172],[173.4634654,-35.0356044],[173.4634654,-35.0356044],[173.4634626,-35.0355774],[173.4634626,-35.0355774],[173.4634515,-35.0356039],[173.4634515,-35.0356039],[173.4634478,-35.035631],[173.4634478,-35.035631],[173.4634558,-35.0356436],[173.4634558,-35.0356436],[173.4634558,-35.0356436],[173.4634558,-35.0356436],[173.4634625,-35.0356168],[173.4634625,-35.0356168],[173.4634711,-35.0355905],[173.4634711,-35.0355905],[173.4634794,-35.035563],[173.4634794,-35.035563],[173.4634753,-35.0355359],[173.4634753,-35.0355359],[173.4634604,-35.0355097],[173.4634604,-35.0355097],[173.4634443,-35.0354858],[173.4634443,-35.0354858]]]},\"geometry_name\":\"loc\",\"properties\":{\"project\":\"Paranui Swamp Forest\",\"project_id\":314,\"track\":\"Privet D&F\",\"start_time\":\"2026-08-09T22:02:58\",\"end_time\":\"2026-08-10T00:02:11\",\"activity\":\"\",\"notes\":\"\"},\"bbox\":[173.4631904,-35.0358234,173.4638392,-35.035374]},{\"type\":\"Feature\",\"id\":\"default-project-tracks.19160\",\"geometry\":{\"type\":\"MultiLineString\",\"coordinates\":[[[173.4712762,-35.04035],[173.4712762,-35.04035],[173.4712361,-35.0403352],[173.4712361,-35.0403352],[173.4712124,-35.0403151],[173.4712124,-35.0403151],[173.4711772,-35.0403184],[173.4711772,-35.0403184],[173.4711569,-35.0403432],[173.4711569,-35.0403432],[173.4711374,-35.0403655],[173.4711374,-35.0403655],[173.4711005,-35.0403711],[173.4711005,-35.0403711],[173.4710781,-35.0403923],[173.4710781,-35.0403923],[173.4710488,-35.0404116],[173.4710488,-35.0404116],[173.4710186,-35.0404282],[173.4710186,-35.0404282],[173.4710441,-35.0404462],[173.4710441,-35.0404462],[173.4710581,-35.040474],[173.4710581,-35.040474],[173.4710647,-35.0405009],[173.4710647,-35.0405009],[173.4710897,-35.0405234],[173.4710897,-35.0405234],[173.4711126,-35.0405488],[173.4711126,-35.0405488],[173.471146,-35.0405719],[173.471146,-35.0405719],[173.471169,-35.0405927],[173.471169,-35.0405927],[173.4711531,-35.0406169],[173.4711531,-35.0406169],[173.4711161,-35.0406287],[173.4711161,-35.0406287],[173.4710795,-35.0406358],[173.4710795,-35.0406358],[173.4710448,-35.040653],[173.4710448,-35.040653],[173.4710775,-35.0406702],[173.4710775,-35.0406702],[173.4711163,-35.0406832],[173.4711163,-35.0406832],[173.4711423,-35.0407062],[173.4711423,-35.0407062],[173.4711341,-35.0407368],[173.4711341,-35.0407368],[173.4711026,-35.0407529],[173.4711026,-35.0407529],[173.4710705,-35.0407689],[173.4710705,-35.0407689],[173.4710987,-35.0407923],[173.4710987,-35.0407923],[173.4711332,-35.0407883],[173.4711332,-35.0407883],[173.4711642,-35.0407745],[173.4711642,-35.0407745],[173.4711932,-35.04076],[173.4711932,-35.04076],[173.4712082,-35.0407344],[173.4712082,-35.0407344],[173.4712299,-35.0407128],[173.4712299,-35.0407128],[173.4712181,-35.0406836],[173.4712181,-35.0406836],[173.4712021,-35.0406567],[173.4712021,-35.0406567],[173.4711771,-35.0406365],[173.4711771,-35.0406365],[173.4711835,-35.0405882],[173.4711835,-35.0405882],[173.4712036,-35.0405522],[173.4712036,-35.0405522],[173.4712396,-35.0405248],[173.4712396,-35.0405248],[173.4712621,-35.0405008],[173.4712621,-35.0405008],[173.4712902,-35.0404769],[173.4712902,-35.0404769],[173.4713241,-35.0404602],[173.4713241,-35.0404602],[173.4713463,-35.04044],[173.4713463,-35.04044],[173.471374,-35.0404221],[173.471374,-35.0404221],[173.4714075,-35.0404037],[173.4714075,-35.0404037],[173.4714428,-35.0403894],[173.4714428,-35.0403894],[173.4714731,-35.0404016],[173.4714731,-35.0404016],[173.4715062,-35.0404177],[173.4715062,-35.0404177],[173.4715375,-35.0404051],[173.4715375,-35.0404051]]]},\"geometry_name\":\"loc\",\"properties\":{\"project\":\"Paranui Swamp Forest\",\"project_id\":314,\"track\":\"Jasmine scout \",\"start_time\":\"2026-08-30T22:15:03\",\"end_time\":\"2026-08-30T22:20:45\",\"activity\":\"\",\"notes\":\"\"},\"bbox\":[173.4710186,-35.0407923,173.4715375,-35.0403151]}],\"totalFeatures\":10,\"numberMatched\":10,\"numberReturned\":10,\"timeStamp\":\"2026-09-10T22:39:55.491Z\",\"crs\":{\"type\":\"name\",\"properties\":{\"name\":\"urn:ogc:def:crs:EPSG::4326\"}},\"bbox\":[173.4631904,-35.0407923,173.4715375,-35.0353538]}","project":"Paranui Swamp Forest","project_id":314,"start_time":"2026-01-28T22:47:38.000","track":"Trad patch 1"},"type":"Feature"},{"bbox":[173.46642,-35.036472,173.466963,-35.035848],"geometry":{"coordinates":[[[173.466895,-35.036153],[173.466862,-35.036165],[173.466871,-35.0362],[173.466878,-35.036229],[173.466905,-35.036247],[173.466938,-35.036256],[173.466961,-35.036275],[173.466963,-35.036305],[173.46694,-35.036327],[173.466948,-35.036356],[173.466952,-35.036386],[173.466949,-35.03642],[173.466922,-35.03644],[173.466893,-35.036453],[173.466863,-35.036472],[173.466829,-35.036408],[173.466809,-35.036381],[173.466779,-35.036367],[173.466751,-35.036354],[173.466737,-35.036327],[173.466737,-35.036327],[173.466737,-35.036327],[173.466736,-35.036328],[173.466737,-35.036328],[173.46671,-35.036309],[173.466702,-35.036282],[173.466668,-35.036277],[173.466645,-35.036255],[173.466612,-35.03625],[173.466583,-35.036228],[173.466564,-35.036205],[173.46655,-35.036177],[173.466523,-35.036156],[173.466489,-35.03616],[173.466461,-35.036143],[173.46642,-35.03611],[173.466424,-35.036083],[173.466454,-35.03607],[173.466487,-35.036067],[173.466535,-35.03604],[173.466535,-35.03604],[173.466535,-35.03604],[173.466517,-35.036011],[173.466489,-35.035994],[173.466476,-35.035967],[173.466486,-35.035939],[173.466466,-35.035889],[173.466467,-35.035848],[173.466499,-35.035859]]],"type":"MultiLineString"},"id":4,"properties":{"activity":"","end_time":"2026-01-28T23:25:19.000","id":"default-project-tracks.12004","layer":"Weedmanager - Project 314 - default-project-tracks","notes":"","path":"{\"type\":\"FeatureCollection\",\"features\":[{\"type\":\"Feature\",\"id\":\"default-project-tracks.11996\",\"geometry\":{\"type\":\"MultiLineString\",\"coordinates\":[[[173.4671761,-35.0364685],[173.4671422,-35.0364732],[173.4671082,-35.0364746],[173.4670676,-35.0364745],[173.4670365,-35.0364909],[173.4670296,-35.0365219],[173.4670249,-35.0365511],[173.4670341,-35.0365825],[173.4670678,-35.0365998],[173.4671025,-35.0366162],[173.4671156,-35.036645],[173.4671233,-35.0366729],[173.4671112,-35.0366997],[173.4671063,-35.0367277],[173.4670829,-35.0367486],[173.4670864,-35.036777],[173.4671023,-35.0368013],[173.4671307,-35.0368156],[173.4671476,-35.0368412],[173.4671715,-35.0368606],[173.467191,-35.0368846],[173.4672529,-35.0368966],[173.4672846,-35.0369072],[173.4673217,-35.0369365],[173.4673569,-35.0369365],[173.4673865,-35.0369243],[173.4674268,-35.036919],[173.4674723,-35.0369303]]]},\"geometry_name\":\"loc\",\"properties\":{\"project\":\"Paranui Swamp Forest\",\"project_id\":314,\"track\":\"Trad patch 1\",\"start_time\":\"2026-01-28T22:47:38\",\"end_time\":\"2026-01-28T22:52:03\",\"activity\":\"\",\"notes\":\"\"},\"bbox\":[173.4670249,-35.0369365,173.4674723,-35.0364685]},{\"type\":\"Feature\",\"id\":\"default-project-tracks.11997\",\"geometry\":{\"type\":\"MultiLineString\",\"coordinates\":[[[173.4671761,-35.0364685],[173.4671422,-35.0364732],[173.4671082,-35.0364746],[173.4670676,-35.0364745],[173.4670365,-35.0364909],[173.4670296,-35.0365219],[173.4670249,-35.0365511],[173.4670341,-35.0365825],[173.4670678,-35.0365998],[173.4671025,-35.0366162],[173.4671156,-35.036645],[173.4671233,-35.0366729],[173.4671112,-35.0366997],[173.4671063,-35.0367277],[173.4670829,-35.0367486],[173.4670864,-35.036777],[173.4671023,-35.0368013],[173.4671307,-35.0368156],[173.4671476,-35.0368412],[173.4671715,-35.0368606],[173.467191,-35.0368846],[173.4672529,-35.0368966],[173.4672846,-35.0369072],[173.4673217,-35.0369365],[173.4673569,-35.0369365],[173.4673865,-35.0369243],[173.4674268,-35.036919],[173.4674723,-35.0369303]]]},\"geometry_name\":\"loc\",\"properties\":{\"project\":\"Paranui Swamp Forest\",\"project_id\":314,\"track\":\"Trad patch 1\",\"start_time\":\"2026-01-28T22:47:38\",\"end_time\":\"2026-01-28T22:52:03\",\"activity\":\"\",\"notes\":\"\"},\"bbox\":[173.4670249,-35.0369365,173.4674723,-35.0364685]},{\"type\":\"Feature\",\"id\":\"default-project-tracks.12004\",\"geometry\":{\"type\":\"MultiLineString\",\"coordinates\":[[[173.4668953,-35.0361526],[173.4668617,-35.0361653],[173.4668709,-35.0361995],[173.4668781,-35.0362292],[173.4669054,-35.0362472],[173.4669377,-35.0362559],[173.4669614,-35.0362747],[173.4669632,-35.0363049],[173.4669397,-35.0363271],[173.4669478,-35.0363555],[173.4669516,-35.0363858],[173.466949,-35.0364197],[173.4669221,-35.0364398],[173.4668929,-35.0364529],[173.4668632,-35.0364722],[173.4668288,-35.036408],[173.4668094,-35.0363809],[173.4667794,-35.0363671],[173.4667509,-35.0363535],[173.4667374,-35.0363265],[173.4667374,-35.0363267],[173.4667374,-35.0363267],[173.4667364,-35.0363282],[173.466737,-35.0363282],[173.4667103,-35.0363087],[173.4667017,-35.0362821],[173.4666679,-35.0362768],[173.4666449,-35.0362553],[173.4666122,-35.0362496],[173.4665825,-35.0362276],[173.4665642,-35.0362048],[173.4665498,-35.0361769],[173.4665227,-35.0361555],[173.4664885,-35.0361599],[173.4664609,-35.0361425],[173.4664198,-35.0361099],[173.466424,-35.0360828],[173.4664542,-35.03607],[173.4664872,-35.0360668],[173.4665352,-35.0360397],[173.4665352,-35.0360397],[173.4665352,-35.0360397],[173.4665172,-35.0360114],[173.466489,-35.0359941],[173.4664758,-35.0359672],[173.4664864,-35.0359394],[173.4664663,-35.0358893],[173.466467,-35.035848],[173.4664987,-35.035859]]]},\"geometry_name\":\"loc\",\"properties\":{\"project\":\"Paranui Swamp Forest\",\"project_id\":314,\"track\":\"Trad patch 2\",\"start_time\":\"2026-01-28T23:14:26\",\"end_time\":\"2026-01-28T23:25:19\",\"activity\":\"\",\"notes\":\"\"},\"bbox\":[173.4664198,-35.0364722,173.4669632,-35.035848]},{\"type\":\"Feature\",\"id\":\"default-project-tracks.12005\",\"geometry\":{\"type\":\"MultiLineString\",\"coordinates\":[[[173.4668953,-35.0361526],[173.4668617,-35.0361653],[173.4668709,-35.0361995],[173.4668781,-35.0362292],[173.4669054,-35.0362472],[173.4669377,-35.0362559],[173.4669614,-35.0362747],[173.4669632,-35.0363049],[173.4669397,-35.0363271],[173.4669478,-35.0363555],[173.4669516,-35.0363858],[173.466949,-35.0364197],[173.4669221,-35.0364398],[173.4668929,-35.0364529],[173.4668632,-35.0364722],[173.4668288,-35.036408],[173.4668094,-35.0363809],[173.4667794,-35.0363671],[173.4667509,-35.0363535],[173.4667374,-35.0363265],[173.4667374,-35.0363267],[173.4667374,-35.0363267],[173.4667364,-35.0363282],[173.466737,-35.0363282],[173.4667103,-35.0363087],[173.4667017,-35.0362821],[173.4666679,-35.0362768],[173.4666449,-35.0362553],[173.4666122,-35.0362496],[173.4665825,-35.0362276],[173.4665642,-35.0362048],[173.4665498,-35.0361769],[173.4665227,-35.0361555],[173.4664885,-35.0361599],[173.4664609,-35.0361425],[173.4664198,-35.0361099],[173.466424,-35.0360828],[173.4664542,-35.03607],[173.4664872,-35.0360668],[173.4665352,-35.0360397],[173.4665352,-35.0360397],[173.4665352,-35.0360397],[173.4665172,-35.0360114],[173.466489,-35.0359941],[173.4664758,-35.0359672],[173.4664864,-35.0359394],[173.4664663,-35.0358893],[173.466467,-35.035848],[173.4664987,-35.035859]]]},\"geometry_name\":\"loc\",\"properties\":{\"project\":\"Paranui Swamp Forest\",\"project_id\":314,\"track\":\"Trad patch 2\",\"start_time\":\"2026-01-28T23:14:26\",\"end_time\":\"2026-01-28T23:25:19\",\"activity\":\"\",\"notes\":\"\"},\"bbox\":[173.4664198,-35.0364722,173.4669632,-35.035848]},{\"type\":\"Feature\",\"id\":\"default-project-tracks.12046\",\"geometry\":{\"type\":\"MultiLineString\",\"coordinates\":[[[173.4659375,-35.035513],[173.4659693,-35.0355483],[173.465949,-35.0355767],[173.4659138,-35.0355773],[173.4658768,-35.035553],[173.4658495,-35.0355371],[173.4658549,-35.0355049],[173.4658027,-35.0354828],[173.46577,-35.0355065],[173.4657306,-35.0355106],[173.4657034,-35.0355331],[173.4656677,-35.0355164],[173.4656537,-35.0354919],[173.465615,-35.0355014],[173.465571,-35.0355051],[173.4655413,-35.03554],[173.4655042,-35.0355631],[173.4654739,-35.0355818],[173.4654321,-35.0355859],[173.4654548,-35.0355633],[173.4654712,-35.0355298],[173.4655145,-35.0355182],[173.4654887,-35.0354955],[173.4655273,-35.0354897],[173.4655426,-35.0355154],[173.4655294,-35.035473],[173.4655781,-35.0354683],[173.4656151,-35.0354679],[173.4656476,-35.035457],[173.465673,-35.0354348],[173.4656752,-35.0354735],[173.4657233,-35.0354651],[173.4657285,-35.0354311],[173.465738,-35.0354022],[173.4657671,-35.0353876],[173.4657821,-35.0353538],[173.4658223,-35.0353634],[173.4658381,-35.0353943],[173.4658491,-35.0354201],[173.4658828,-35.0354337],[173.4659256,-35.035446],[173.4659577,-35.0354604],[173.4659713,-35.0354927]]]},\"geometry_name\":\"loc\",\"properties\":{\"project\":\"Paranui Swamp Forest\",\"project_id\":314,\"track\":\"Trad patch 3\",\"start_time\":\"2026-01-29T00:59:50\",\"end_time\":\"2026-01-29T01:10:42\",\"activity\":\"\",\"notes\":\"\"},\"bbox\":[173.4654321,-35.0355859,173.4659713,-35.0353538]},{\"type\":\"Feature\",\"id\":\"default-project-tracks.12047\",\"geometry\":{\"type\":\"MultiLineString\",\"coordinates\":[[[173.4659375,-35.035513],[173.4659693,-35.0355483],[173.465949,-35.0355767],[173.4659138,-35.0355773],[173.4658768,-35.035553],[173.4658495,-35.0355371],[173.4658549,-35.0355049],[173.4658027,-35.0354828],[173.46577,-35.0355065],[173.4657306,-35.0355106],[173.4657034,-35.0355331],[173.4656677,-35.0355164],[173.4656537,-35.0354919],[173.465615,-35.0355014],[173.465571,-35.0355051],[173.4655413,-35.03554],[173.4655042,-35.0355631],[173.4654739,-35.0355818],[173.4654321,-35.0355859],[173.4654548,-35.0355633],[173.4654712,-35.0355298],[173.4655145,-35.0355182],[173.4654887,-35.0354955],[173.4655273,-35.0354897],[173.4655426,-35.0355154],[173.4655294,-35.035473],[173.4655781,-35.0354683],[173.4656151,-35.0354679],[173.4656476,-35.035457],[173.465673,-35.0354348],[173.4656752,-35.0354735],[173.4657233,-35.0354651],[173.4657285,-35.0354311],[173.465738,-35.0354022],[173.4657671,-35.0353876],[173.4657821,-35.0353538],[173.4658223,-35.0353634],[173.4658381,-35.0353943],[173.4658491,-35.0354201],[173.4658828,-35.0354337],[173.4659256,-35.035446],[173.4659577,-35.0354604],[173.4659713,-35.0354927]]]},\"geometry_name\":\"loc\",\"properties\":{\"project\":\"Paranui Swamp Forest\",\"project_id\":314,\"track\":\"Trad patch 3\",\"start_time\":\"2026-01-29T00:59:50\",\"end_time\":\"2026-01-29T01:10:42\",\"activity\":\"\",\"notes\":\"\"},\"bbox\":[173.4654321,-35.0355859,173.4659713,-35.0353538]},{\"type\":\"Feature\",\"id\":\"default-project-tracks.12132\",\"geometry\":{\"type\":\"MultiLineString\",\"coordinates\":[[[173.4659375,-35.035513],[173.4659693,-35.0355483],[173.465949,-35.0355767],[173.4659138,-35.0355773],[173.4658768,-35.035553],[173.4658495,-35.0355371],[173.4658549,-35.0355049],[173.4658027,-35.0354828],[173.46577,-35.0355065],[173.4657306,-35.0355106],[173.4657034,-35.0355331],[173.4656677,-35.0355164],[173.4656537,-35.0354919],[173.465615,-35.0355014],[173.465571,-35.0355051],[173.4655413,-35.03554],[173.4655042,-35.0355631],[173.4654739,-35.0355818],[173.4654321,-35.0355859],[173.4654548,-35.0355633],[173.4654712,-35.0355298],[173.4655145,-35.0355182],[173.4654887,-35.0354955],[173.4655273,-35.0354897],[173.4655426,-35.0355154],[173.4655294,-35.035473],[173.4655781,-35.0354683],[173.4656151,-35.0354679],[173.4656476,-35.035457],[173.465673,-35.0354348],[173.4656752,-35.0354735],[173.4657233,-35.0354651],[173.4657285,-35.0354311],[173.465738,-35.0354022],[173.4657671,-35.0353876],[173.4657821,-35.0353538],[173.4658223,-35.0353634],[173.4658381,-35.0353943],[173.4658491,-35.0354201],[173.4658828,-35.0354337],[173.4659256,-35.035446],[173.4659577,-35.0354604],[173.4659713,-35.0354927]]]},\"geometry_name\":\"loc\",\"properties\":{\"project\":\"Paranui Swamp Forest\",\"project_id\":314,\"track\":\"Trad patch 3\",\"start_time\":\"2026-01-29T00:59:50\",\"end_time\":\"2026-01-29T01:10:42\",\"activity\":\"\",\"notes\":\"\"},\"bbox\":[173.4654321,-35.0355859,173.4659713,-35.0353538]},{\"type\":\"Feature\",\"id\":\"default-project-tracks.12133\",\"geometry\":{\"type\":\"MultiLineString\",\"coordinates\":[[[173.4659375,-35.035513],[173.4659693,-35.0355483],[173.465949,-35.0355767],[173.4659138,-35.0355773],[173.4658768,-35.035553],[173.4658495,-35.0355371],[173.4658549,-35.0355049],[173.4658027,-35.0354828],[173.46577,-35.0355065],[173.4657306,-35.0355106],[173.4657034,-35.0355331],[173.4656677,-35.0355164],[173.4656537,-35.0354919],[173.465615,-35.0355014],[173.465571,-35.0355051],[173.4655413,-35.03554],[173.4655042,-35.0355631],[173.4654739,-35.0355818],[173.4654321,-35.0355859],[173.4654548,-35.0355633],[173.4654712,-35.0355298],[173.4655145,-35.0355182],[173.4654887,-35.0354955],[173.4655273,-35.0354897],[173.4655426,-35.0355154],[173.4655294,-35.035473],[173.4655781,-35.0354683],[173.4656151,-35.0354679],[173.4656476,-35.035457],[173.465673,-35.0354348],[173.4656752,-35.0354735],[173.4657233,-35.0354651],[173.4657285,-35.0354311],[173.465738,-35.0354022],[173.4657671,-35.0353876],[173.4657821,-35.0353538],[173.4658223,-35.0353634],[173.4658381,-35.0353943],[173.4658491,-35.0354201],[173.4658828,-35.0354337],[173.4659256,-35.035446],[173.4659577,-35.0354604],[173.4659713,-35.0354927]]]},\"geometry_name\":\"loc\",\"properties\":{\"project\":\"Paranui Swamp Forest\",\"project_id\":314,\"track\":\"Trad patch 3\",\"start_time\":\"2026-01-29T00:59:50\",\"end_time\":\"2026-01-29T01:10:42\",\"activity\":\"\",\"notes\":\"\"},\"bbox\":[173.4654321,-35.0355859,173.4659713,-35.0353538]},{\"type\":\"Feature\",\"id\":\"default-project-tracks.18635\",\"geometry\":{\"type\":\"MultiLineString\",\"coordinates\":[[[173.4635861,-35.0355865],[173.4635861,-35.0355865],[173.4635763,-35.0355896],[173.4635763,-35.0355896],[173.4635589,-35.0355995],[173.4635589,-35.0355995],[173.463553,-35.0355666],[173.463553,-35.0355666],[173.4635439,-35.0355367],[173.4635439,-35.0355367],[173.4635402,-35.0355089],[173.4635402,-35.0355089],[173.4635572,-35.035495],[173.4635572,-35.035495],[173.4635447,-35.0354696],[173.4635447,-35.0354696],[173.4635122,-35.0354737],[173.4635122,-35.0354737],[173.4635374,-35.035446],[173.4635374,-35.035446],[173.4635009,-35.0354515],[173.4635009,-35.0354515],[173.4635174,-35.0354507],[173.4635174,-35.0354507],[173.463484,-35.0354473],[173.463484,-35.0354473],[173.4634743,-35.035418],[173.4634743,-35.035418],[173.4634643,-35.035392],[173.4634643,-35.035392],[173.4634343,-35.0353807],[173.4634343,-35.0353807],[173.4634686,-35.0353911],[173.4634686,-35.0353911],[173.4634376,-35.0354009],[173.4634376,-35.0354009],[173.463418,-35.0354235],[173.463418,-35.0354235],[173.4634319,-35.0354181],[173.4634319,-35.0354181],[173.463404,-35.0354336],[173.463404,-35.0354336],[173.463419,-35.0354243],[173.463419,-35.0354243],[173.4634187,-35.0354174],[173.4634187,-35.0354174],[173.4633875,-35.0354072],[173.4633875,-35.0354072],[173.463371,-35.0354202],[173.463371,-35.0354202],[173.4633417,-35.0353976],[173.4633417,-35.0353976],[173.4633588,-35.035374],[173.4633588,-35.035374],[173.4633385,-35.0353966],[173.4633385,-35.0353966],[173.4633176,-35.0354187],[173.4633176,-35.0354187],[173.4633119,-35.0354345],[173.4633119,-35.0354345],[173.4632816,-35.0354234],[173.4632816,-35.0354234],[173.463273,-35.0354209],[173.463273,-35.0354209],[173.4632545,-35.0353984],[173.4632545,-35.0353984],[173.4632237,-35.0353874],[173.4632237,-35.0353874],[173.4631904,-35.0353815],[173.4631904,-35.0353815],[173.4632203,-35.0353944],[173.4632203,-35.0353944],[173.4632164,-35.0354219],[173.4632164,-35.0354219],[173.4631921,-35.0354286],[173.4631921,-35.0354286],[173.4632233,-35.0354384],[173.4632233,-35.0354384],[173.4632504,-35.035454],[173.4632504,-35.035454],[173.4632844,-35.0354573],[173.4632844,-35.0354573],[173.4633153,-35.0354444],[173.4633153,-35.0354444],[173.4633415,-35.0354271],[173.4633415,-35.0354271],[173.4633741,-35.0354217],[173.4633741,-35.0354217],[173.4633997,-35.0354417],[173.4633997,-35.0354417],[173.463425,-35.03546],[173.463425,-35.03546],[173.4634561,-35.0354731],[173.4634561,-35.0354731],[173.4634872,-35.0354851],[173.4634872,-35.0354851],[173.4634919,-35.035484],[173.4634919,-35.035484],[173.4634908,-35.0355112],[173.4634908,-35.0355112],[173.4635235,-35.0355243],[173.4635235,-35.0355243],[173.4635162,-35.0355464],[173.4635162,-35.0355464],[173.4635448,-35.0355323],[173.4635448,-35.0355323],[173.4635547,-35.0355621],[173.4635547,-35.0355621],[173.4635418,-35.0355544],[173.4635418,-35.0355544],[173.4635531,-35.0355494],[173.4635531,-35.0355494],[173.4635531,-35.0355494],[173.4635531,-35.0355494],[173.4635531,-35.0355493],[173.4635531,-35.0355493],[173.4635532,-35.0355493],[173.4635532,-35.0355493],[173.4635532,-35.0355493],[173.4635532,-35.0355493],[173.4635532,-35.0355493],[173.4635532,-35.0355493],[173.4635533,-35.0355493],[173.4635533,-35.0355493],[173.4635533,-35.0355493],[173.4635533,-35.0355493],[173.4635855,-35.0355606],[173.4635855,-35.0355606],[173.4636172,-35.0355694],[173.4636172,-35.0355694],[173.4636289,-35.0355742],[173.4636289,-35.0355742],[173.4636531,-35.0355552],[173.4636531,-35.0355552],[173.463658,-35.0355262],[173.463658,-35.0355262],[173.463643,-35.0355018],[173.463643,-35.0355018],[173.4636289,-35.0354938],[173.4636289,-35.0354938],[173.4635957,-35.0354921],[173.4635957,-35.0354921],[173.4636166,-35.0355162],[173.4636166,-35.0355162],[173.4636337,-35.0355393],[173.4636337,-35.0355393],[173.4636649,-35.035555],[173.4636649,-35.035555],[173.4637002,-35.035556],[173.4637002,-35.035556],[173.4636689,-35.0355728],[173.4636689,-35.0355728],[173.4636571,-35.0355989],[173.4636571,-35.0355989],[173.463662,-35.0356282],[173.463662,-35.0356282],[173.4636264,-35.0356147],[173.4636264,-35.0356147],[173.463662,-35.035626],[173.463662,-35.035626],[173.4636958,-35.0356309],[173.4636958,-35.0356309],[173.4636729,-35.035651],[173.4636729,-35.035651],[173.4636618,-35.0356778],[173.4636618,-35.0356778],[173.4636675,-35.0356944],[173.4636675,-35.0356944],[173.463701,-35.0356978],[173.463701,-35.0356978],[173.4637067,-35.0357248],[173.4637067,-35.0357248],[173.4637232,-35.0357395],[173.4637232,-35.0357395],[173.4637186,-35.0357689],[173.4637186,-35.0357689],[173.4637453,-35.0357851],[173.4637453,-35.0357851],[173.4637609,-35.0357611],[173.4637609,-35.0357611],[173.4637622,-35.035794],[173.4637622,-35.035794],[173.4637573,-35.0357995],[173.4637573,-35.0357995],[173.4637744,-35.0358114],[173.4637744,-35.0358114],[173.46381,-35.0358234],[173.46381,-35.0358234],[173.4638279,-35.0358007],[173.4638279,-35.0358007],[173.4638276,-35.0357973],[173.4638276,-35.0357973],[173.4638392,-35.0357964],[173.4638392,-35.0357964],[173.4638211,-35.0357738],[173.4638211,-35.0357738],[173.4637942,-35.0357558],[173.4637942,-35.0357558],[173.4637814,-35.0357304],[173.4637814,-35.0357304],[173.4637895,-35.0357037],[173.4637895,-35.0357037],[173.4638146,-35.0356859],[173.4638146,-35.0356859],[173.4638115,-35.0357051],[173.4638115,-35.0357051],[173.4637954,-35.0357287],[173.4637954,-35.0357287],[173.4638045,-35.035702],[173.4638045,-35.035702],[173.4638215,-35.0356777],[173.4638215,-35.0356777],[173.4637937,-35.0356773],[173.4637937,-35.0356773],[173.4637809,-35.0356519],[173.4637809,-35.0356519],[173.4637475,-35.0356508],[173.4637475,-35.0356508],[173.4637171,-35.035666],[173.4637171,-35.035666],[173.4636845,-35.0356541],[173.4636845,-35.0356541],[173.4636517,-35.0356598],[173.4636517,-35.0356598],[173.4636244,-35.0356444],[173.4636244,-35.0356444],[173.4636051,-35.0356663],[173.4636051,-35.0356663],[173.4636119,-35.0356928],[173.4636119,-35.0356928],[173.4636172,-35.0356957],[173.4636172,-35.0356957],[173.4636204,-35.0357227],[173.4636204,-35.0357227],[173.463632,-35.0356955],[173.463632,-35.0356955],[173.4636015,-35.0356834],[173.4636015,-35.0356834],[173.4635895,-35.0356833],[173.4635895,-35.0356833],[173.463578,-35.0357089],[173.463578,-35.0357089],[173.4635742,-35.0357185],[173.4635742,-35.0357185],[173.4635915,-35.0356943],[173.4635915,-35.0356943],[173.4635775,-35.0356692],[173.4635775,-35.0356692],[173.4635442,-35.0356606],[173.4635442,-35.0356606],[173.4635247,-35.0356689],[173.4635247,-35.0356689],[173.4635557,-35.035659],[173.4635557,-35.035659],[173.4635247,-35.0356474],[173.4635247,-35.0356474],[173.4634913,-35.0356442],[173.4634913,-35.0356442],[173.4634863,-35.0356435],[173.4634863,-35.0356435],[173.4634863,-35.0356435],[173.4634863,-35.0356435],[173.4634957,-35.0356172],[173.4634957,-35.0356172],[173.4634654,-35.0356044],[173.4634654,-35.0356044],[173.4634626,-35.0355774],[173.4634626,-35.0355774],[173.4634515,-35.0356039],[173.4634515,-35.0356039],[173.4634478,-35.035631],[173.4634478,-35.035631],[173.4634558,-35.0356436],[173.4634558,-35.0356436],[173.4634558,-35.0356436],[173.4634558,-35.0356436],[173.4634625,-35.0356168],[173.4634625,-35.0356168],[173.4634711,-35.0355905],[173.4634711,-35.0355905],[173.4634794,-35.035563],[173.4634794,-35.035563],[173.4634753,-35.0355359],[173.4634753,-35.0355359],[173.4634604,-35.0355097],[173.4634604,-35.0355097],[173.4634443,-35.0354858],[173.4634443,-35.0354858]]]},\"geometry_name\":\"loc\",\"properties\":{\"project\":\"Paranui Swamp Forest\",\"project_id\":314,\"track\":\"Privet D&F\",\"start_time\":\"2026-08-09T22:02:58\",\"end_time\":\"2026-08-10T00:02:11\",\"activity\":\"\",\"notes\":\"\"},\"bbox\":[173.4631904,-35.0358234,173.4638392,-35.035374]},{\"type\":\"Feature\",\"id\":\"default-project-tracks.19160\",\"geometry\":{\"type\":\"MultiLineString\",\"coordinates\":[[[173.4712762,-35.04035],[173.4712762,-35.04035],[173.4712361,-35.0403352],[173.4712361,-35.0403352],[173.4712124,-35.0403151],[173.4712124,-35.0403151],[173.4711772,-35.0403184],[173.4711772,-35.0403184],[173.4711569,-35.0403432],[173.4711569,-35.0403432],[173.4711374,-35.0403655],[173.4711374,-35.0403655],[173.4711005,-35.0403711],[173.4711005,-35.0403711],[173.4710781,-35.0403923],[173.4710781,-35.0403923],[173.4710488,-35.0404116],[173.4710488,-35.0404116],[173.4710186,-35.0404282],[173.4710186,-35.0404282],[173.4710441,-35.0404462],[173.4710441,-35.0404462],[173.4710581,-35.040474],[173.4710581,-35.040474],[173.4710647,-35.0405009],[173.4710647,-35.0405009],[173.4710897,-35.0405234],[173.4710897,-35.0405234],[173.4711126,-35.0405488],[173.4711126,-35.0405488],[173.471146,-35.0405719],[173.471146,-35.0405719],[173.471169,-35.0405927],[173.471169,-35.0405927],[173.4711531,-35.0406169],[173.4711531,-35.0406169],[173.4711161,-35.0406287],[173.4711161,-35.0406287],[173.4710795,-35.0406358],[173.4710795,-35.0406358],[173.4710448,-35.040653],[173.4710448,-35.040653],[173.4710775,-35.0406702],[173.4710775,-35.0406702],[173.4711163,-35.0406832],[173.4711163,-35.0406832],[173.4711423,-35.0407062],[173.4711423,-35.0407062],[173.4711341,-35.0407368],[173.4711341,-35.0407368],[173.4711026,-35.0407529],[173.4711026,-35.0407529],[173.4710705,-35.0407689],[173.4710705,-35.0407689],[173.4710987,-35.0407923],[173.4710987,-35.0407923],[173.4711332,-35.0407883],[173.4711332,-35.0407883],[173.4711642,-35.0407745],[173.4711642,-35.0407745],[173.4711932,-35.04076],[173.4711932,-35.04076],[173.4712082,-35.0407344],[173.4712082,-35.0407344],[173.4712299,-35.0407128],[173.4712299,-35.0407128],[173.4712181,-35.0406836],[173.4712181,-35.0406836],[173.4712021,-35.0406567],[173.4712021,-35.0406567],[173.4711771,-35.0406365],[173.4711771,-35.0406365],[173.4711835,-35.0405882],[173.4711835,-35.0405882],[173.4712036,-35.0405522],[173.4712036,-35.0405522],[173.4712396,-35.0405248],[173.4712396,-35.0405248],[173.4712621,-35.0405008],[173.4712621,-35.0405008],[173.4712902,-35.0404769],[173.4712902,-35.0404769],[173.4713241,-35.0404602],[173.4713241,-35.0404602],[173.4713463,-35.04044],[173.4713463,-35.04044],[173.471374,-35.0404221],[173.471374,-35.0404221],[173.4714075,-35.0404037],[173.4714075,-35.0404037],[173.4714428,-35.0403894],[173.4714428,-35.0403894],[173.4714731,-35.0404016],[173.4714731,-35.0404016],[173.4715062,-35.0404177],[173.4715062,-35.0404177],[173.4715375,-35.0404051],[173.4715375,-35.0404051]]]},\"geometry_name\":\"loc\",\"properties\":{\"project\":\"Paranui Swamp Forest\",\"project_id\":314,\"track\":\"Jasmine scout \",\"start_time\":\"2026-08-30T22:15:03\",\"end_time\":\"2026-08-30T22:20:45\",\"activity\":\"\",\"notes\":\"\"},\"bbox\":[173.4710186,-35.0407923,173.4715375,-35.0403151]}],\"totalFeatures\":10,\"numberMatched\":10,\"numberReturned\":10,\"timeStamp\":\"2026-09-10T22:39:55.491Z\",\"crs\":{\"type\":\"name\",\"properties\":{\"name\":\"urn:ogc:def:crs:EPSG::4326\"}},\"bbox\":[173.4631904,-35.0407923,173.4715375,-35.0353538]}","project":"Paranui Swamp Forest","project_id":314,"start_time":"2026-01-28T23:14:26.000","track":"Trad patch 2"},"type":"Feature"},{"bbox":[173.46642,-35.036472,173.466963,-35.035848],"geometry":{"coordinates":[[[173.466895,-35.036153],[173.466862,-35.036165],[173.466871,-35.0362],[173.466878,-35.036229],[173.466905,-35.036247],[173.466938,-35.036256],[173.466961,-35.036275],[173.466963,-35.036305],[173.46694,-35.036327],[173.466948,-35.036356],[173.466952,-35.036386],[173.466949,-35.03642],[173.466922,-35.03644],[173.466893,-35.036453],[173.466863,-35.036472],[173.466829,-35.036408],[173.466809,-35.036381],[173.466779,-35.036367],[173.466751,-35.036354],[173.466737,-35.036327],[173.466737,-35.036327],[173.466737,-35.036327],[173.466736,-35.036328],[173.466737,-35.036328],[173.46671,-35.036309],[173.466702,-35.036282],[173.466668,-35.036277],[173.466645,-35.036255],[173.466612,-35.03625],[173.466583,-35.036228],[173.466564,-35.036205],[173.46655,-35.036177],[173.466523,-35.036156],[173.466489,-35.03616],[173.466461,-35.036143],[173.46642,-35.03611],[173.466424,-35.036083],[173.466454,-35.03607],[173.466487,-35.036067],[173.466535,-35.03604],[173.466535,-35.03604],[173.466535,-35.03604],[173.466517,-35.036011],[173.466489,-35.035994],[173.466476,-35.035967],[173.466486,-35.035939],[173.466466,-35.035889],[173.466467,-35.035848],[173.466499,-35.035859]]],"type":"MultiLineString"},"id":5,"properties":{"activity":"","end_time":"2026-01-28T23:25:19.000","id":"default-project-tracks.12005","layer":"Weedmanager - Project 314 - default-project-tracks","notes":"","path":"{\"type\":\"FeatureCollection\",\"features\":[{\"type\":\"Feature\",\"id\":\"default-project-tracks.11996\",\"geometry\":{\"type\":\"MultiLineString\",\"coordinates\":[[[173.4671761,-35.0364685],[173.4671422,-35.0364732],[173.4671082,-35.0364746],[173.4670676,-35.0364745],[173.4670365,-35.0364909],[173.4670296,-35.0365219],[173.4670249,-35.0365511],[173.4670341,-35.0365825],[173.4670678,-35.0365998],[173.4671025,-35.0366162],[173.4671156,-35.036645],[173.4671233,-35.0366729],[173.4671112,-35.0366997],[173.4671063,-35.0367277],[173.4670829,-35.0367486],[173.4670864,-35.036777],[173.4671023,-35.0368013],[173.4671307,-35.0368156],[173.4671476,-35.0368412],[173.4671715,-35.0368606],[173.467191,-35.0368846],[173.4672529,-35.0368966],[173.4672846,-35.0369072],[173.4673217,-35.0369365],[173.4673569,-35.0369365],[173.4673865,-35.0369243],[173.4674268,-35.036919],[173.4674723,-35.0369303]]]},\"geometry_name\":\"loc\",\"properties\":{\"project\":\"Paranui Swamp Forest\",\"project_id\":314,\"track\":\"Trad patch 1\",\"start_time\":\"2026-01-28T22:47:38\",\"end_time\":\"2026-01-28T22:52:03\",\"activity\":\"\",\"notes\":\"\"},\"bbox\":[173.4670249,-35.0369365,173.4674723,-35.0364685]},{\"type\":\"Feature\",\"id\":\"default-project-tracks.11997\",\"geometry\":{\"type\":\"MultiLineString\",\"coordinates\":[[[173.4671761,-35.0364685],[173.4671422,-35.0364732],[173.4671082,-35.0364746],[173.4670676,-35.0364745],[173.4670365,-35.0364909],[173.4670296,-35.0365219],[173.4670249,-35.0365511],[173.4670341,-35.0365825],[173.4670678,-35.0365998],[173.4671025,-35.0366162],[173.4671156,-35.036645],[173.4671233,-35.0366729],[173.4671112,-35.0366997],[173.4671063,-35.0367277],[173.4670829,-35.0367486],[173.4670864,-35.036777],[173.4671023,-35.0368013],[173.4671307,-35.0368156],[173.4671476,-35.0368412],[173.4671715,-35.0368606],[173.467191,-35.0368846],[173.4672529,-35.0368966],[173.4672846,-35.0369072],[173.4673217,-35.0369365],[173.4673569,-35.0369365],[173.4673865,-35.0369243],[173.4674268,-35.036919],[173.4674723,-35.0369303]]]},\"geometry_name\":\"loc\",\"properties\":{\"project\":\"Paranui Swamp Forest\",\"project_id\":314,\"track\":\"Trad patch 1\",\"start_time\":\"2026-01-28T22:47:38\",\"end_time\":\"2026-01-28T22:52:03\",\"activity\":\"\",\"notes\":\"\"},\"bbox\":[173.4670249,-35.0369365,173.4674723,-35.0364685]},{\"type\":\"Feature\",\"id\":\"default-project-tracks.12004\",\"geometry\":{\"type\":\"MultiLineString\",\"coordinates\":[[[173.4668953,-35.0361526],[173.4668617,-35.0361653],[173.4668709,-35.0361995],[173.4668781,-35.0362292],[173.4669054,-35.0362472],[173.4669377,-35.0362559],[173.4669614,-35.0362747],[173.4669632,-35.0363049],[173.4669397,-35.0363271],[173.4669478,-35.0363555],[173.4669516,-35.0363858],[173.466949,-35.0364197],[173.4669221,-35.0364398],[173.4668929,-35.0364529],[173.4668632,-35.0364722],[173.4668288,-35.036408],[173.4668094,-35.0363809],[173.4667794,-35.0363671],[173.4667509,-35.0363535],[173.4667374,-35.0363265],[173.4667374,-35.0363267],[173.4667374,-35.0363267],[173.4667364,-35.0363282],[173.466737,-35.0363282],[173.4667103,-35.0363087],[173.4667017,-35.0362821],[173.4666679,-35.0362768],[173.4666449,-35.0362553],[173.4666122,-35.0362496],[173.4665825,-35.0362276],[173.4665642,-35.0362048],[173.4665498,-35.0361769],[173.4665227,-35.0361555],[173.4664885,-35.0361599],[173.4664609,-35.0361425],[173.4664198,-35.0361099],[173.466424,-35.0360828],[173.4664542,-35.03607],[173.4664872,-35.0360668],[173.4665352,-35.0360397],[173.4665352,-35.0360397],[173.4665352,-35.0360397],[173.4665172,-35.0360114],[173.466489,-35.0359941],[173.4664758,-35.0359672],[173.4664864,-35.0359394],[173.4664663,-35.0358893],[173.466467,-35.035848],[173.4664987,-35.035859]]]},\"geometry_name\":\"loc\",\"properties\":{\"project\":\"Paranui Swamp Forest\",\"project_id\":314,\"track\":\"Trad patch 2\",\"start_time\":\"2026-01-28T23:14:26\",\"end_time\":\"2026-01-28T23:25:19\",\"activity\":\"\",\"notes\":\"\"},\"bbox\":[173.4664198,-35.0364722,173.4669632,-35.035848]},{\"type\":\"Feature\",\"id\":\"default-project-tracks.12005\",\"geometry\":{\"type\":\"MultiLineString\",\"coordinates\":[[[173.4668953,-35.0361526],[173.4668617,-35.0361653],[173.4668709,-35.0361995],[173.4668781,-35.0362292],[173.4669054,-35.0362472],[173.4669377,-35.0362559],[173.4669614,-35.0362747],[173.4669632,-35.0363049],[173.4669397,-35.0363271],[173.4669478,-35.0363555],[173.4669516,-35.0363858],[173.466949,-35.0364197],[173.4669221,-35.0364398],[173.4668929,-35.0364529],[173.4668632,-35.0364722],[173.4668288,-35.036408],[173.4668094,-35.0363809],[173.4667794,-35.0363671],[173.4667509,-35.0363535],[173.4667374,-35.0363265],[173.4667374,-35.0363267],[173.4667374,-35.0363267],[173.4667364,-35.0363282],[173.466737,-35.0363282],[173.4667103,-35.0363087],[173.4667017,-35.0362821],[173.4666679,-35.0362768],[173.4666449,-35.0362553],[173.4666122,-35.0362496],[173.4665825,-35.0362276],[173.4665642,-35.0362048],[173.4665498,-35.0361769],[173.4665227,-35.0361555],[173.4664885,-35.0361599],[173.4664609,-35.0361425],[173.4664198,-35.0361099],[173.466424,-35.0360828],[173.4664542,-35.03607],[173.4664872,-35.0360668],[173.4665352,-35.0360397],[173.4665352,-35.0360397],[173.4665352,-35.0360397],[173.4665172,-35.0360114],[173.466489,-35.0359941],[173.4664758,-35.0359672],[173.4664864,-35.0359394],[173.4664663,-35.0358893],[173.466467,-35.035848],[173.4664987,-35.035859]]]},\"geometry_name\":\"loc\",\"properties\":{\"project\":\"Paranui Swamp Forest\",\"project_id\":314,\"track\":\"Trad patch 2\",\"start_time\":\"2026-01-28T23:14:26\",\"end_time\":\"2026-01-28T23:25:19\",\"activity\":\"\",\"notes\":\"\"},\"bbox\":[173.4664198,-35.0364722,173.4669632,-35.035848]},{\"type\":\"Feature\",\"id\":\"default-project-tracks.12046\",\"geometry\":{\"type\":\"MultiLineString\",\"coordinates\":[[[173.4659375,-35.035513],[173.4659693,-35.0355483],[173.465949,-35.0355767],[173.4659138,-35.0355773],[173.4658768,-35.035553],[173.4658495,-35.0355371],[173.4658549,-35.0355049],[173.4658027,-35.0354828],[173.46577,-35.0355065],[173.4657306,-35.0355106],[173.4657034,-35.0355331],[173.4656677,-35.0355164],[173.4656537,-35.0354919],[173.465615,-35.0355014],[173.465571,-35.0355051],[173.4655413,-35.03554],[173.4655042,-35.0355631],[173.4654739,-35.0355818],[173.4654321,-35.0355859],[173.4654548,-35.0355633],[173.4654712,-35.0355298],[173.4655145,-35.0355182],[173.4654887,-35.0354955],[173.4655273,-35.0354897],[173.4655426,-35.0355154],[173.4655294,-35.035473],[173.4655781,-35.0354683],[173.4656151,-35.0354679],[173.4656476,-35.035457],[173.465673,-35.0354348],[173.4656752,-35.0354735],[173.4657233,-35.0354651],[173.4657285,-35.0354311],[173.465738,-35.0354022],[173.4657671,-35.0353876],[173.4657821,-35.0353538],[173.4658223,-35.0353634],[173.4658381,-35.0353943],[173.4658491,-35.0354201],[173.4658828,-35.0354337],[173.4659256,-35.035446],[173.4659577,-35.0354604],[173.4659713,-35.0354927]]]},\"geometry_name\":\"loc\",\"properties\":{\"project\":\"Paranui Swamp Forest\",\"project_id\":314,\"track\":\"Trad patch 3\",\"start_time\":\"2026-01-29T00:59:50\",\"end_time\":\"2026-01-29T01:10:42\",\"activity\":\"\",\"notes\":\"\"},\"bbox\":[173.4654321,-35.0355859,173.4659713,-35.0353538]},{\"type\":\"Feature\",\"id\":\"default-project-tracks.12047\",\"geometry\":{\"type\":\"MultiLineString\",\"coordinates\":[[[173.4659375,-35.035513],[173.4659693,-35.0355483],[173.465949,-35.0355767],[173.4659138,-35.0355773],[173.4658768,-35.035553],[173.4658495,-35.0355371],[173.4658549,-35.0355049],[173.4658027,-35.0354828],[173.46577,-35.0355065],[173.4657306,-35.0355106],[173.4657034,-35.0355331],[173.4656677,-35.0355164],[173.4656537,-35.0354919],[173.465615,-35.0355014],[173.465571,-35.0355051],[173.4655413,-35.03554],[173.4655042,-35.0355631],[173.4654739,-35.0355818],[173.4654321,-35.0355859],[173.4654548,-35.0355633],[173.4654712,-35.0355298],[173.4655145,-35.0355182],[173.4654887,-35.0354955],[173.4655273,-35.0354897],[173.4655426,-35.0355154],[173.4655294,-35.035473],[173.4655781,-35.0354683],[173.4656151,-35.0354679],[173.4656476,-35.035457],[173.465673,-35.0354348],[173.4656752,-35.0354735],[173.4657233,-35.0354651],[173.4657285,-35.0354311],[173.465738,-35.0354022],[173.4657671,-35.0353876],[173.4657821,-35.0353538],[173.4658223,-35.0353634],[173.4658381,-35.0353943],[173.4658491,-35.0354201],[173.4658828,-35.0354337],[173.4659256,-35.035446],[173.4659577,-35.0354604],[173.4659713,-35.0354927]]]},\"geometry_name\":\"loc\",\"properties\":{\"project\":\"Paranui Swamp Forest\",\"project_id\":314,\"track\":\"Trad patch 3\",\"start_time\":\"2026-01-29T00:59:50\",\"end_time\":\"2026-01-29T01:10:42\",\"activity\":\"\",\"notes\":\"\"},\"bbox\":[173.4654321,-35.0355859,173.4659713,-35.0353538]},{\"type\":\"Feature\",\"id\":\"default-project-tracks.12132\",\"geometry\":{\"type\":\"MultiLineString\",\"coordinates\":[[[173.4659375,-35.035513],[173.4659693,-35.0355483],[173.465949,-35.0355767],[173.4659138,-35.0355773],[173.4658768,-35.035553],[173.4658495,-35.0355371],[173.4658549,-35.0355049],[173.4658027,-35.0354828],[173.46577,-35.0355065],[173.4657306,-35.0355106],[173.4657034,-35.0355331],[173.4656677,-35.0355164],[173.4656537,-35.0354919],[173.465615,-35.0355014],[173.465571,-35.0355051],[173.4655413,-35.03554],[173.4655042,-35.0355631],[173.4654739,-35.0355818],[173.4654321,-35.0355859],[173.4654548,-35.0355633],[173.4654712,-35.0355298],[173.4655145,-35.0355182],[173.4654887,-35.0354955],[173.4655273,-35.0354897],[173.4655426,-35.0355154],[173.4655294,-35.035473],[173.4655781,-35.0354683],[173.4656151,-35.0354679],[173.4656476,-35.035457],[173.465673,-35.0354348],[173.4656752,-35.0354735],[173.4657233,-35.0354651],[173.4657285,-35.0354311],[173.465738,-35.0354022],[173.4657671,-35.0353876],[173.4657821,-35.0353538],[173.4658223,-35.0353634],[173.4658381,-35.0353943],[173.4658491,-35.0354201],[173.4658828,-35.0354337],[173.4659256,-35.035446],[173.4659577,-35.0354604],[173.4659713,-35.0354927]]]},\"geometry_name\":\"loc\",\"properties\":{\"project\":\"Paranui Swamp Forest\",\"project_id\":314,\"track\":\"Trad patch 3\",\"start_time\":\"2026-01-29T00:59:50\",\"end_time\":\"2026-01-29T01:10:42\",\"activity\":\"\",\"notes\":\"\"},\"bbox\":[173.4654321,-35.0355859,173.4659713,-35.0353538]},{\"type\":\"Feature\",\"id\":\"default-project-tracks.12133\",\"geometry\":{\"type\":\"MultiLineString\",\"coordinates\":[[[173.4659375,-35.035513],[173.4659693,-35.0355483],[173.465949,-35.0355767],[173.4659138,-35.0355773],[173.4658768,-35.035553],[173.4658495,-35.0355371],[173.4658549,-35.0355049],[173.4658027,-35.0354828],[173.46577,-35.0355065],[173.4657306,-35.0355106],[173.4657034,-35.0355331],[173.4656677,-35.0355164],[173.4656537,-35.0354919],[173.465615,-35.0355014],[173.465571,-35.0355051],[173.4655413,-35.03554],[173.4655042,-35.0355631],[173.4654739,-35.0355818],[173.4654321,-35.0355859],[173.4654548,-35.0355633],[173.4654712,-35.0355298],[173.4655145,-35.0355182],[173.4654887,-35.0354955],[173.4655273,-35.0354897],[173.4655426,-35.0355154],[173.4655294,-35.035473],[173.4655781,-35.0354683],[173.4656151,-35.0354679],[173.4656476,-35.035457],[173.465673,-35.0354348],[173.4656752,-35.0354735],[173.4657233,-35.0354651],[173.4657285,-35.0354311],[173.465738,-35.0354022],[173.4657671,-35.0353876],[173.4657821,-35.0353538],[173.4658223,-35.0353634],[173.4658381,-35.0353943],[173.4658491,-35.0354201],[173.4658828,-35.0354337],[173.4659256,-35.035446],[173.4659577,-35.0354604],[173.4659713,-35.0354927]]]},\"geometry_name\":\"loc\",\"properties\":{\"project\":\"Paranui Swamp Forest\",\"project_id\":314,\"track\":\"Trad patch 3\",\"start_time\":\"2026-01-29T00:59:50\",\"end_time\":\"2026-01-29T01:10:42\",\"activity\":\"\",\"notes\":\"\"},\"bbox\":[173.4654321,-35.0355859,173.4659713,-35.0353538]},{\"type\":\"Feature\",\"id\":\"default-project-tracks.18635\",\"geometry\":{\"type\":\"MultiLineString\",\"coordinates\":[[[173.4635861,-35.0355865],[173.4635861,-35.0355865],[173.4635763,-35.0355896],[173.4635763,-35.0355896],[173.4635589,-35.0355995],[173.4635589,-35.0355995],[173.463553,-35.0355666],[173.463553,-35.0355666],[173.4635439,-35.0355367],[173.4635439,-35.0355367],[173.4635402,-35.0355089],[173.4635402,-35.0355089],[173.4635572,-35.035495],[173.4635572,-35.035495],[173.4635447,-35.0354696],[173.4635447,-35.0354696],[173.4635122,-35.0354737],[173.4635122,-35.0354737],[173.4635374,-35.035446],[173.4635374,-35.035446],[173.4635009,-35.0354515],[173.4635009,-35.0354515],[173.4635174,-35.0354507],[173.4635174,-35.0354507],[173.463484,-35.0354473],[173.463484,-35.0354473],[173.4634743,-35.035418],[173.4634743,-35.035418],[173.4634643,-35.035392],[173.4634643,-35.035392],[173.4634343,-35.0353807],[173.4634343,-35.0353807],[173.4634686,-35.0353911],[173.4634686,-35.0353911],[173.4634376,-35.0354009],[173.4634376,-35.0354009],[173.463418,-35.0354235],[173.463418,-35.0354235],[173.4634319,-35.0354181],[173.4634319,-35.0354181],[173.463404,-35.0354336],[173.463404,-35.0354336],[173.463419,-35.0354243],[173.463419,-35.0354243],[173.4634187,-35.0354174],[173.4634187,-35.0354174],[173.4633875,-35.0354072],[173.4633875,-35.0354072],[173.463371,-35.0354202],[173.463371,-35.0354202],[173.4633417,-35.0353976],[173.4633417,-35.0353976],[173.4633588,-35.035374],[173.4633588,-35.035374],[173.4633385,-35.0353966],[173.4633385,-35.0353966],[173.4633176,-35.0354187],[173.4633176,-35.0354187],[173.4633119,-35.0354345],[173.4633119,-35.0354345],[173.4632816,-35.0354234],[173.4632816,-35.0354234],[173.463273,-35.0354209],[173.463273,-35.0354209],[173.4632545,-35.0353984],[173.4632545,-35.0353984],[173.4632237,-35.0353874],[173.4632237,-35.0353874],[173.4631904,-35.0353815],[173.4631904,-35.0353815],[173.4632203,-35.0353944],[173.4632203,-35.0353944],[173.4632164,-35.0354219],[173.4632164,-35.0354219],[173.4631921,-35.0354286],[173.4631921,-35.0354286],[173.4632233,-35.0354384],[173.4632233,-35.0354384],[173.4632504,-35.035454],[173.4632504,-35.035454],[173.4632844,-35.0354573],[173.4632844,-35.0354573],[173.4633153,-35.0354444],[173.4633153,-35.0354444],[173.4633415,-35.0354271],[173.4633415,-35.0354271],[173.4633741,-35.0354217],[173.4633741,-35.0354217],[173.4633997,-35.0354417],[173.4633997,-35.0354417],[173.463425,-35.03546],[173.463425,-35.03546],[173.4634561,-35.0354731],[173.4634561,-35.0354731],[173.4634872,-35.0354851],[173.4634872,-35.0354851],[173.4634919,-35.035484],[173.4634919,-35.035484],[173.4634908,-35.0355112],[173.4634908,-35.0355112],[173.4635235,-35.0355243],[173.4635235,-35.0355243],[173.4635162,-35.0355464],[173.4635162,-35.0355464],[173.4635448,-35.0355323],[173.4635448,-35.0355323],[173.4635547,-35.0355621],[173.4635547,-35.0355621],[173.4635418,-35.0355544],[173.4635418,-35.0355544],[173.4635531,-35.0355494],[173.4635531,-35.0355494],[173.4635531,-35.0355494],[173.4635531,-35.0355494],[173.4635531,-35.0355493],[173.4635531,-35.0355493],[173.4635532,-35.0355493],[173.4635532,-35.0355493],[173.4635532,-35.0355493],[173.4635532,-35.0355493],[173.4635532,-35.0355493],[173.4635532,-35.0355493],[173.4635533,-35.0355493],[173.4635533,-35.0355493],[173.4635533,-35.0355493],[173.4635533,-35.0355493],[173.4635855,-35.0355606],[173.4635855,-35.0355606],[173.4636172,-35.0355694],[173.4636172,-35.0355694],[173.4636289,-35.0355742],[173.4636289,-35.0355742],[173.4636531,-35.0355552],[173.4636531,-35.0355552],[173.463658,-35.0355262],[173.463658,-35.0355262],[173.463643,-35.0355018],[173.463643,-35.0355018],[173.4636289,-35.0354938],[173.4636289,-35.0354938],[173.4635957,-35.0354921],[173.4635957,-35.0354921],[173.4636166,-35.0355162],[173.4636166,-35.0355162],[173.4636337,-35.0355393],[173.4636337,-35.0355393],[173.4636649,-35.035555],[173.4636649,-35.035555],[173.4637002,-35.035556],[173.4637002,-35.035556],[173.4636689,-35.0355728],[173.4636689,-35.0355728],[173.4636571,-35.0355989],[173.4636571,-35.0355989],[173.463662,-35.0356282],[173.463662,-35.0356282],[173.4636264,-35.0356147],[173.4636264,-35.0356147],[173.463662,-35.035626],[173.463662,-35.035626],[173.4636958,-35.0356309],[173.4636958,-35.0356309],[173.4636729,-35.035651],[173.4636729,-35.035651],[173.4636618,-35.0356778],[173.4636618,-35.0356778],[173.4636675,-35.0356944],[173.4636675,-35.0356944],[173.463701,-35.0356978],[173.463701,-35.0356978],[173.4637067,-35.0357248],[173.4637067,-35.0357248],[173.4637232,-35.0357395],[173.4637232,-35.0357395],[173.4637186,-35.0357689],[173.4637186,-35.0357689],[173.4637453,-35.0357851],[173.4637453,-35.0357851],[173.4637609,-35.0357611],[173.4637609,-35.0357611],[173.4637622,-35.035794],[173.4637622,-35.035794],[173.4637573,-35.0357995],[173.4637573,-35.0357995],[173.4637744,-35.0358114],[173.4637744,-35.0358114],[173.46381,-35.0358234],[173.46381,-35.0358234],[173.4638279,-35.0358007],[173.4638279,-35.0358007],[173.4638276,-35.0357973],[173.4638276,-35.0357973],[173.4638392,-35.0357964],[173.4638392,-35.0357964],[173.4638211,-35.0357738],[173.4638211,-35.0357738],[173.4637942,-35.0357558],[173.4637942,-35.0357558],[173.4637814,-35.0357304],[173.4637814,-35.0357304],[173.4637895,-35.0357037],[173.4637895,-35.0357037],[173.4638146,-35.0356859],[173.4638146,-35.0356859],[173.4638115,-35.0357051],[173.4638115,-35.0357051],[173.4637954,-35.0357287],[173.4637954,-35.0357287],[173.4638045,-35.035702],[173.4638045,-35.035702],[173.4638215,-35.0356777],[173.4638215,-35.0356777],[173.4637937,-35.0356773],[173.4637937,-35.0356773],[173.4637809,-35.0356519],[173.4637809,-35.0356519],[173.4637475,-35.0356508],[173.4637475,-35.0356508],[173.4637171,-35.035666],[173.4637171,-35.035666],[173.4636845,-35.0356541],[173.4636845,-35.0356541],[173.4636517,-35.0356598],[173.4636517,-35.0356598],[173.4636244,-35.0356444],[173.4636244,-35.0356444],[173.4636051,-35.0356663],[173.4636051,-35.0356663],[173.4636119,-35.0356928],[173.4636119,-35.0356928],[173.4636172,-35.0356957],[173.4636172,-35.0356957],[173.4636204,-35.0357227],[173.4636204,-35.0357227],[173.463632,-35.0356955],[173.463632,-35.0356955],[173.4636015,-35.0356834],[173.4636015,-35.0356834],[173.4635895,-35.0356833],[173.4635895,-35.0356833],[173.463578,-35.0357089],[173.463578,-35.0357089],[173.4635742,-35.0357185],[173.4635742,-35.0357185],[173.4635915,-35.0356943],[173.4635915,-35.0356943],[173.4635775,-35.0356692],[173.4635775,-35.0356692],[173.4635442,-35.0356606],[173.4635442,-35.0356606],[173.4635247,-35.0356689],[173.4635247,-35.0356689],[173.4635557,-35.035659],[173.4635557,-35.035659],[173.4635247,-35.0356474],[173.4635247,-35.0356474],[173.4634913,-35.0356442],[173.4634913,-35.0356442],[173.4634863,-35.0356435],[173.4634863,-35.0356435],[173.4634863,-35.0356435],[173.4634863,-35.0356435],[173.4634957,-35.0356172],[173.4634957,-35.0356172],[173.4634654,-35.0356044],[173.4634654,-35.0356044],[173.4634626,-35.0355774],[173.4634626,-35.0355774],[173.4634515,-35.0356039],[173.4634515,-35.0356039],[173.4634478,-35.035631],[173.4634478,-35.035631],[173.4634558,-35.0356436],[173.4634558,-35.0356436],[173.4634558,-35.0356436],[173.4634558,-35.0356436],[173.4634625,-35.0356168],[173.4634625,-35.0356168],[173.4634711,-35.0355905],[173.4634711,-35.0355905],[173.4634794,-35.035563],[173.4634794,-35.035563],[173.4634753,-35.0355359],[173.4634753,-35.0355359],[173.4634604,-35.0355097],[173.4634604,-35.0355097],[173.4634443,-35.0354858],[173.4634443,-35.0354858]]]},\"geometry_name\":\"loc\",\"properties\":{\"project\":\"Paranui Swamp Forest\",\"project_id\":314,\"track\":\"Privet D&F\",\"start_time\":\"2026-08-09T22:02:58\",\"end_time\":\"2026-08-10T00:02:11\",\"activity\":\"\",\"notes\":\"\"},\"bbox\":[173.4631904,-35.0358234,173.4638392,-35.035374]},{\"type\":\"Feature\",\"id\":\"default-project-tracks.19160\",\"geometry\":{\"type\":\"MultiLineString\",\"coordinates\":[[[173.4712762,-35.04035],[173.4712762,-35.04035],[173.4712361,-35.0403352],[173.4712361,-35.0403352],[173.4712124,-35.0403151],[173.4712124,-35.0403151],[173.4711772,-35.0403184],[173.4711772,-35.0403184],[173.4711569,-35.0403432],[173.4711569,-35.0403432],[173.4711374,-35.0403655],[173.4711374,-35.0403655],[173.4711005,-35.0403711],[173.4711005,-35.0403711],[173.4710781,-35.0403923],[173.4710781,-35.0403923],[173.4710488,-35.0404116],[173.4710488,-35.0404116],[173.4710186,-35.0404282],[173.4710186,-35.0404282],[173.4710441,-35.0404462],[173.4710441,-35.0404462],[173.4710581,-35.040474],[173.4710581,-35.040474],[173.4710647,-35.0405009],[173.4710647,-35.0405009],[173.4710897,-35.0405234],[173.4710897,-35.0405234],[173.4711126,-35.0405488],[173.4711126,-35.0405488],[173.471146,-35.0405719],[173.471146,-35.0405719],[173.471169,-35.0405927],[173.471169,-35.0405927],[173.4711531,-35.0406169],[173.4711531,-35.0406169],[173.4711161,-35.0406287],[173.4711161,-35.0406287],[173.4710795,-35.0406358],[173.4710795,-35.0406358],[173.4710448,-35.040653],[173.4710448,-35.040653],[173.4710775,-35.0406702],[173.4710775,-35.0406702],[173.4711163,-35.0406832],[173.4711163,-35.0406832],[173.4711423,-35.0407062],[173.4711423,-35.0407062],[173.4711341,-35.0407368],[173.4711341,-35.0407368],[173.4711026,-35.0407529],[173.4711026,-35.0407529],[173.4710705,-35.0407689],[173.4710705,-35.0407689],[173.4710987,-35.0407923],[173.4710987,-35.0407923],[173.4711332,-35.0407883],[173.4711332,-35.0407883],[173.4711642,-35.0407745],[173.4711642,-35.0407745],[173.4711932,-35.04076],[173.4711932,-35.04076],[173.4712082,-35.0407344],[173.4712082,-35.0407344],[173.4712299,-35.0407128],[173.4712299,-35.0407128],[173.4712181,-35.0406836],[173.4712181,-35.0406836],[173.4712021,-35.0406567],[173.4712021,-35.0406567],[173.4711771,-35.0406365],[173.4711771,-35.0406365],[173.4711835,-35.0405882],[173.4711835,-35.0405882],[173.4712036,-35.0405522],[173.4712036,-35.0405522],[173.4712396,-35.0405248],[173.4712396,-35.0405248],[173.4712621,-35.0405008],[173.4712621,-35.0405008],[173.4712902,-35.0404769],[173.4712902,-35.0404769],[173.4713241,-35.0404602],[173.4713241,-35.0404602],[173.4713463,-35.04044],[173.4713463,-35.04044],[173.471374,-35.0404221],[173.471374,-35.0404221],[173.4714075,-35.0404037],[173.4714075,-35.0404037],[173.4714428,-35.0403894],[173.4714428,-35.0403894],[173.4714731,-35.0404016],[173.4714731,-35.0404016],[173.4715062,-35.0404177],[173.4715062,-35.0404177],[173.4715375,-35.0404051],[173.4715375,-35.0404051]]]},\"geometry_name\":\"loc\",\"properties\":{\"project\":\"Paranui Swamp Forest\",\"project_id\":314,\"track\":\"Jasmine scout \",\"start_time\":\"2026-08-30T22:15:03\",\"end_time\":\"2026-08-30T22:20:45\",\"activity\":\"\",\"notes\":\"\"},\"bbox\":[173.4710186,-35.0407923,173.4715375,-35.0403151]}],\"totalFeatures\":10,\"numberMatched\":10,\"numberReturned\":10,\"timeStamp\":\"2026-09-10T22:39:55.491Z\",\"crs\":{\"type\":\"name\",\"properties\":{\"name\":\"urn:ogc:def:crs:EPSG::4326\"}},\"bbox\":[173.4631904,-35.0407923,173.4715375,-35.0353538]}","project":"Paranui Swamp Forest","project_id":314,"start_time":"2026-01-28T23:14:26.000","track":"Trad patch 2"},"type":"Feature"},{"bbox":[173.465432,-35.035586,173.465971,-35.035354],"geometry":{"coordinates":[[[173.465938,-35.035513],[173.465969,-35.035548],[173.465949,-35.035577],[173.465914,-35.035577],[173.465877,-35.035553],[173.46585,-35.035537],[173.465855,-35.035505],[173.465803,-35.035483],[173.46577,-35.035507],[173.465731,-35.035511],[173.465703,-35.035533],[173.465668,-35.035516],[173.465654,-35.035492],[173.465615,-35.035500999999996],[173.465571,-35.035505],[173.465541,-35.03554],[173.465504,-35.035563],[173.465474,-35.035582],[173.465432,-35.035586],[173.465455,-35.035563],[173.465471,-35.03553],[173.465515,-35.035518],[173.465489,-35.035496],[173.465527,-35.03549],[173.465543,-35.035515],[173.465529,-35.035473],[173.465578,-35.035468],[173.465615,-35.035468],[173.465648,-35.035457],[173.465673,-35.035435],[173.465675,-35.035474],[173.465723,-35.035465],[173.465729,-35.035431],[173.465738,-35.035402],[173.465767,-35.035388],[173.465782,-35.035354],[173.465822,-35.035363],[173.465838,-35.035394],[173.465849,-35.03542],[173.465883,-35.035434],[173.465926,-35.035446],[173.465958,-35.03546],[173.465971,-35.035493]]],"type":"MultiLineString"},"id":6,"properties":{"activity":"","end_time":"2026-01-29T01:10:42.000","id":"default-project-tracks.12046","layer":"Weedmanager - Project 314 - default-project-tracks","notes":"","path":"{\"type\":\"FeatureCollection\",\"features\":[{\"type\":\"Feature\",\"id\":\"default-project-tracks.11996\",\"geometry\":{\"type\":\"MultiLineString\",\"coordinates\":[[[173.4671761,-35.0364685],[173.4671422,-35.0364732],[173.4671082,-35.0364746],[173.4670676,-35.0364745],[173.4670365,-35.0364909],[173.4670296,-35.0365219],[173.4670249,-35.0365511],[173.4670341,-35.0365825],[173.4670678,-35.0365998],[173.4671025,-35.0366162],[173.4671156,-35.036645],[173.4671233,-35.0366729],[173.4671112,-35.0366997],[173.4671063,-35.0367277],[173.4670829,-35.0367486],[173.4670864,-35.036777],[173.4671023,-35.0368013],[173.4671307,-35.0368156],[173.4671476,-35.0368412],[173.4671715,-35.0368606],[173.467191,-35.0368846],[173.4672529,-35.0368966],[173.4672846,-35.0369072],[173.4673217,-35.0369365],[173.4673569,-35.0369365],[173.4673865,-35.0369243],[173.4674268,-35.036919],[173.4674723,-35.0369303]]]},\"geometry_name\":\"loc\",\"properties\":{\"project\":\"Paranui Swamp Forest\",\"project_id\":314,\"track\":\"Trad patch 1\",\"start_time\":\"2026-01-28T22:47:38\",\"end_time\":\"2026-01-28T22:52:03\",\"activity\":\"\",\"notes\":\"\"},\"bbox\":[173.4670249,-35.0369365,173.4674723,-35.0364685]},{\"type\":\"Feature\",\"id\":\"default-project-tracks.11997\",\"geometry\":{\"type\":\"MultiLineString\",\"coordinates\":[[[173.4671761,-35.0364685],[173.4671422,-35.0364732],[173.4671082,-35.0364746],[173.4670676,-35.0364745],[173.4670365,-35.0364909],[173.4670296,-35.0365219],[173.4670249,-35.0365511],[173.4670341,-35.0365825],[173.4670678,-35.0365998],[173.4671025,-35.0366162],[173.4671156,-35.036645],[173.4671233,-35.0366729],[173.4671112,-35.0366997],[173.4671063,-35.0367277],[173.4670829,-35.0367486],[173.4670864,-35.036777],[173.4671023,-35.0368013],[173.4671307,-35.0368156],[173.4671476,-35.0368412],[173.4671715,-35.0368606],[173.467191,-35.0368846],[173.4672529,-35.0368966],[173.4672846,-35.0369072],[173.4673217,-35.0369365],[173.4673569,-35.0369365],[173.4673865,-35.0369243],[173.4674268,-35.036919],[173.4674723,-35.0369303]]]},\"geometry_name\":\"loc\",\"properties\":{\"project\":\"Paranui Swamp Forest\",\"project_id\":314,\"track\":\"Trad patch 1\",\"start_time\":\"2026-01-28T22:47:38\",\"end_time\":\"2026-01-28T22:52:03\",\"activity\":\"\",\"notes\":\"\"},\"bbox\":[173.4670249,-35.0369365,173.4674723,-35.0364685]},{\"type\":\"Feature\",\"id\":\"default-project-tracks.12004\",\"geometry\":{\"type\":\"MultiLineString\",\"coordinates\":[[[173.4668953,-35.0361526],[173.4668617,-35.0361653],[173.4668709,-35.0361995],[173.4668781,-35.0362292],[173.4669054,-35.0362472],[173.4669377,-35.0362559],[173.4669614,-35.0362747],[173.4669632,-35.0363049],[173.4669397,-35.0363271],[173.4669478,-35.0363555],[173.4669516,-35.0363858],[173.466949,-35.0364197],[173.4669221,-35.0364398],[173.4668929,-35.0364529],[173.4668632,-35.0364722],[173.4668288,-35.036408],[173.4668094,-35.0363809],[173.4667794,-35.0363671],[173.4667509,-35.0363535],[173.4667374,-35.0363265],[173.4667374,-35.0363267],[173.4667374,-35.0363267],[173.4667364,-35.0363282],[173.466737,-35.0363282],[173.4667103,-35.0363087],[173.4667017,-35.0362821],[173.4666679,-35.0362768],[173.4666449,-35.0362553],[173.4666122,-35.0362496],[173.4665825,-35.0362276],[173.4665642,-35.0362048],[173.4665498,-35.0361769],[173.4665227,-35.0361555],[173.4664885,-35.0361599],[173.4664609,-35.0361425],[173.4664198,-35.0361099],[173.466424,-35.0360828],[173.4664542,-35.03607],[173.4664872,-35.0360668],[173.4665352,-35.0360397],[173.4665352,-35.0360397],[173.4665352,-35.0360397],[173.4665172,-35.0360114],[173.466489,-35.0359941],[173.4664758,-35.0359672],[173.4664864,-35.0359394],[173.4664663,-35.0358893],[173.466467,-35.035848],[173.4664987,-35.035859]]]},\"geometry_name\":\"loc\",\"properties\":{\"project\":\"Paranui Swamp Forest\",\"project_id\":314,\"track\":\"Trad patch 2\",\"start_time\":\"2026-01-28T23:14:26\",\"end_time\":\"2026-01-28T23:25:19\",\"activity\":\"\",\"notes\":\"\"},\"bbox\":[173.4664198,-35.0364722,173.4669632,-35.035848]},{\"type\":\"Feature\",\"id\":\"default-project-tracks.12005\",\"geometry\":{\"type\":\"MultiLineString\",\"coordinates\":[[[173.4668953,-35.0361526],[173.4668617,-35.0361653],[173.4668709,-35.0361995],[173.4668781,-35.0362292],[173.4669054,-35.0362472],[173.4669377,-35.0362559],[173.4669614,-35.0362747],[173.4669632,-35.0363049],[173.4669397,-35.0363271],[173.4669478,-35.0363555],[173.4669516,-35.0363858],[173.466949,-35.0364197],[173.4669221,-35.0364398],[173.4668929,-35.0364529],[173.4668632,-35.0364722],[173.4668288,-35.036408],[173.4668094,-35.0363809],[173.4667794,-35.0363671],[173.4667509,-35.0363535],[173.4667374,-35.0363265],[173.4667374,-35.0363267],[173.4667374,-35.0363267],[173.4667364,-35.0363282],[173.466737,-35.0363282],[173.4667103,-35.0363087],[173.4667017,-35.0362821],[173.4666679,-35.0362768],[173.4666449,-35.0362553],[173.4666122,-35.0362496],[173.4665825,-35.0362276],[173.4665642,-35.0362048],[173.4665498,-35.0361769],[173.4665227,-35.0361555],[173.4664885,-35.0361599],[173.4664609,-35.0361425],[173.4664198,-35.0361099],[173.466424,-35.0360828],[173.4664542,-35.03607],[173.4664872,-35.0360668],[173.4665352,-35.0360397],[173.4665352,-35.0360397],[173.4665352,-35.0360397],[173.4665172,-35.0360114],[173.466489,-35.0359941],[173.4664758,-35.0359672],[173.4664864,-35.0359394],[173.4664663,-35.0358893],[173.466467,-35.035848],[173.4664987,-35.035859]]]},\"geometry_name\":\"loc\",\"properties\":{\"project\":\"Paranui Swamp Forest\",\"project_id\":314,\"track\":\"Trad patch 2\",\"start_time\":\"2026-01-28T23:14:26\",\"end_time\":\"2026-01-28T23:25:19\",\"activity\":\"\",\"notes\":\"\"},\"bbox\":[173.4664198,-35.0364722,173.4669632,-35.035848]},{\"type\":\"Feature\",\"id\":\"default-project-tracks.12046\",\"geometry\":{\"type\":\"MultiLineString\",\"coordinates\":[[[173.4659375,-35.035513],[173.4659693,-35.0355483],[173.465949,-35.0355767],[173.4659138,-35.0355773],[173.4658768,-35.035553],[173.4658495,-35.0355371],[173.4658549,-35.0355049],[173.4658027,-35.0354828],[173.46577,-35.0355065],[173.4657306,-35.0355106],[173.4657034,-35.0355331],[173.4656677,-35.0355164],[173.4656537,-35.0354919],[173.465615,-35.0355014],[173.465571,-35.0355051],[173.4655413,-35.03554],[173.4655042,-35.0355631],[173.4654739,-35.0355818],[173.4654321,-35.0355859],[173.4654548,-35.0355633],[173.4654712,-35.0355298],[173.4655145,-35.0355182],[173.4654887,-35.0354955],[173.4655273,-35.0354897],[173.4655426,-35.0355154],[173.4655294,-35.035473],[173.4655781,-35.0354683],[173.4656151,-35.0354679],[173.4656476,-35.035457],[173.465673,-35.0354348],[173.4656752,-35.0354735],[173.4657233,-35.0354651],[173.4657285,-35.0354311],[173.465738,-35.0354022],[173.4657671,-35.0353876],[173.4657821,-35.0353538],[173.4658223,-35.0353634],[173.4658381,-35.0353943],[173.4658491,-35.0354201],[173.4658828,-35.0354337],[173.4659256,-35.035446],[173.4659577,-35.0354604],[173.4659713,-35.0354927]]]},\"geometry_name\":\"loc\",\"properties\":{\"project\":\"Paranui Swamp Forest\",\"project_id\":314,\"track\":\"Trad patch 3\",\"start_time\":\"2026-01-29T00:59:50\",\"end_time\":\"2026-01-29T01:10:42\",\"activity\":\"\",\"notes\":\"\"},\"bbox\":[173.4654321,-35.0355859,173.4659713,-35.0353538]},{\"type\":\"Feature\",\"id\":\"default-project-tracks.12047\",\"geometry\":{\"type\":\"MultiLineString\",\"coordinates\":[[[173.4659375,-35.035513],[173.4659693,-35.0355483],[173.465949,-35.0355767],[173.4659138,-35.0355773],[173.4658768,-35.035553],[173.4658495,-35.0355371],[173.4658549,-35.0355049],[173.4658027,-35.0354828],[173.46577,-35.0355065],[173.4657306,-35.0355106],[173.4657034,-35.0355331],[173.4656677,-35.0355164],[173.4656537,-35.0354919],[173.465615,-35.0355014],[173.465571,-35.0355051],[173.4655413,-35.03554],[173.4655042,-35.0355631],[173.4654739,-35.0355818],[173.4654321,-35.0355859],[173.4654548,-35.0355633],[173.4654712,-35.0355298],[173.4655145,-35.0355182],[173.4654887,-35.0354955],[173.4655273,-35.0354897],[173.4655426,-35.0355154],[173.4655294,-35.035473],[173.4655781,-35.0354683],[173.4656151,-35.0354679],[173.4656476,-35.035457],[173.465673,-35.0354348],[173.4656752,-35.0354735],[173.4657233,-35.0354651],[173.4657285,-35.0354311],[173.465738,-35.0354022],[173.4657671,-35.0353876],[173.4657821,-35.0353538],[173.4658223,-35.0353634],[173.4658381,-35.0353943],[173.4658491,-35.0354201],[173.4658828,-35.0354337],[173.4659256,-35.035446],[173.4659577,-35.0354604],[173.4659713,-35.0354927]]]},\"geometry_name\":\"loc\",\"properties\":{\"project\":\"Paranui Swamp Forest\",\"project_id\":314,\"track\":\"Trad patch 3\",\"start_time\":\"2026-01-29T00:59:50\",\"end_time\":\"2026-01-29T01:10:42\",\"activity\":\"\",\"notes\":\"\"},\"bbox\":[173.4654321,-35.0355859,173.4659713,-35.0353538]},{\"type\":\"Feature\",\"id\":\"default-project-tracks.12132\",\"geometry\":{\"type\":\"MultiLineString\",\"coordinates\":[[[173.4659375,-35.035513],[173.4659693,-35.0355483],[173.465949,-35.0355767],[173.4659138,-35.0355773],[173.4658768,-35.035553],[173.4658495,-35.0355371],[173.4658549,-35.0355049],[173.4658027,-35.0354828],[173.46577,-35.0355065],[173.4657306,-35.0355106],[173.4657034,-35.0355331],[173.4656677,-35.0355164],[173.4656537,-35.0354919],[173.465615,-35.0355014],[173.465571,-35.0355051],[173.4655413,-35.03554],[173.4655042,-35.0355631],[173.4654739,-35.0355818],[173.4654321,-35.0355859],[173.4654548,-35.0355633],[173.4654712,-35.0355298],[173.4655145,-35.0355182],[173.4654887,-35.0354955],[173.4655273,-35.0354897],[173.4655426,-35.0355154],[173.4655294,-35.035473],[173.4655781,-35.0354683],[173.4656151,-35.0354679],[173.4656476,-35.035457],[173.465673,-35.0354348],[173.4656752,-35.0354735],[173.4657233,-35.0354651],[173.4657285,-35.0354311],[173.465738,-35.0354022],[173.4657671,-35.0353876],[173.4657821,-35.0353538],[173.4658223,-35.0353634],[173.4658381,-35.0353943],[173.4658491,-35.0354201],[173.4658828,-35.0354337],[173.4659256,-35.035446],[173.4659577,-35.0354604],[173.4659713,-35.0354927]]]},\"geometry_name\":\"loc\",\"properties\":{\"project\":\"Paranui Swamp Forest\",\"project_id\":314,\"track\":\"Trad patch 3\",\"start_time\":\"2026-01-29T00:59:50\",\"end_time\":\"2026-01-29T01:10:42\",\"activity\":\"\",\"notes\":\"\"},\"bbox\":[173.4654321,-35.0355859,173.4659713,-35.0353538]},{\"type\":\"Feature\",\"id\":\"default-project-tracks.12133\",\"geometry\":{\"type\":\"MultiLineString\",\"coordinates\":[[[173.4659375,-35.035513],[173.4659693,-35.0355483],[173.465949,-35.0355767],[173.4659138,-35.0355773],[173.4658768,-35.035553],[173.4658495,-35.0355371],[173.4658549,-35.0355049],[173.4658027,-35.0354828],[173.46577,-35.0355065],[173.4657306,-35.0355106],[173.4657034,-35.0355331],[173.4656677,-35.0355164],[173.4656537,-35.0354919],[173.465615,-35.0355014],[173.465571,-35.0355051],[173.4655413,-35.03554],[173.4655042,-35.0355631],[173.4654739,-35.0355818],[173.4654321,-35.0355859],[173.4654548,-35.0355633],[173.4654712,-35.0355298],[173.4655145,-35.0355182],[173.4654887,-35.0354955],[173.4655273,-35.0354897],[173.4655426,-35.0355154],[173.4655294,-35.035473],[173.4655781,-35.0354683],[173.4656151,-35.0354679],[173.4656476,-35.035457],[173.465673,-35.0354348],[173.4656752,-35.0354735],[173.4657233,-35.0354651],[173.4657285,-35.0354311],[173.465738,-35.0354022],[173.4657671,-35.0353876],[173.4657821,-35.0353538],[173.4658223,-35.0353634],[173.4658381,-35.0353943],[173.4658491,-35.0354201],[173.4658828,-35.0354337],[173.4659256,-35.035446],[173.4659577,-35.0354604],[173.4659713,-35.0354927]]]},\"geometry_name\":\"loc\",\"properties\":{\"project\":\"Paranui Swamp Forest\",\"project_id\":314,\"track\":\"Trad patch 3\",\"start_time\":\"2026-01-29T00:59:50\",\"end_time\":\"2026-01-29T01:10:42\",\"activity\":\"\",\"notes\":\"\"},\"bbox\":[173.4654321,-35.0355859,173.4659713,-35.0353538]},{\"type\":\"Feature\",\"id\":\"default-project-tracks.18635\",\"geometry\":{\"type\":\"MultiLineString\",\"coordinates\":[[[173.4635861,-35.0355865],[173.4635861,-35.0355865],[173.4635763,-35.0355896],[173.4635763,-35.0355896],[173.4635589,-35.0355995],[173.4635589,-35.0355995],[173.463553,-35.0355666],[173.463553,-35.0355666],[173.4635439,-35.0355367],[173.4635439,-35.0355367],[173.4635402,-35.0355089],[173.4635402,-35.0355089],[173.4635572,-35.035495],[173.4635572,-35.035495],[173.4635447,-35.0354696],[173.4635447,-35.0354696],[173.4635122,-35.0354737],[173.4635122,-35.0354737],[173.4635374,-35.035446],[173.4635374,-35.035446],[173.4635009,-35.0354515],[173.4635009,-35.0354515],[173.4635174,-35.0354507],[173.4635174,-35.0354507],[173.463484,-35.0354473],[173.463484,-35.0354473],[173.4634743,-35.035418],[173.4634743,-35.035418],[173.4634643,-35.035392],[173.4634643,-35.035392],[173.4634343,-35.0353807],[173.4634343,-35.0353807],[173.4634686,-35.0353911],[173.4634686,-35.0353911],[173.4634376,-35.0354009],[173.4634376,-35.0354009],[173.463418,-35.0354235],[173.463418,-35.0354235],[173.4634319,-35.0354181],[173.4634319,-35.0354181],[173.463404,-35.0354336],[173.463404,-35.0354336],[173.463419,-35.0354243],[173.463419,-35.0354243],[173.4634187,-35.0354174],[173.4634187,-35.0354174],[173.4633875,-35.0354072],[173.4633875,-35.0354072],[173.463371,-35.0354202],[173.463371,-35.0354202],[173.4633417,-35.0353976],[173.4633417,-35.0353976],[173.4633588,-35.035374],[173.4633588,-35.035374],[173.4633385,-35.0353966],[173.4633385,-35.0353966],[173.4633176,-35.0354187],[173.4633176,-35.0354187],[173.4633119,-35.0354345],[173.4633119,-35.0354345],[173.4632816,-35.0354234],[173.4632816,-35.0354234],[173.463273,-35.0354209],[173.463273,-35.0354209],[173.4632545,-35.0353984],[173.4632545,-35.0353984],[173.4632237,-35.0353874],[173.4632237,-35.0353874],[173.4631904,-35.0353815],[173.4631904,-35.0353815],[173.4632203,-35.0353944],[173.4632203,-35.0353944],[173.4632164,-35.0354219],[173.4632164,-35.0354219],[173.4631921,-35.0354286],[173.4631921,-35.0354286],[173.4632233,-35.0354384],[173.4632233,-35.0354384],[173.4632504,-35.035454],[173.4632504,-35.035454],[173.4632844,-35.0354573],[173.4632844,-35.0354573],[173.4633153,-35.0354444],[173.4633153,-35.0354444],[173.4633415,-35.0354271],[173.4633415,-35.0354271],[173.4633741,-35.0354217],[173.4633741,-35.0354217],[173.4633997,-35.0354417],[173.4633997,-35.0354417],[173.463425,-35.03546],[173.463425,-35.03546],[173.4634561,-35.0354731],[173.4634561,-35.0354731],[173.4634872,-35.0354851],[173.4634872,-35.0354851],[173.4634919,-35.035484],[173.4634919,-35.035484],[173.4634908,-35.0355112],[173.4634908,-35.0355112],[173.4635235,-35.0355243],[173.4635235,-35.0355243],[173.4635162,-35.0355464],[173.4635162,-35.0355464],[173.4635448,-35.0355323],[173.4635448,-35.0355323],[173.4635547,-35.0355621],[173.4635547,-35.0355621],[173.4635418,-35.0355544],[173.4635418,-35.0355544],[173.4635531,-35.0355494],[173.4635531,-35.0355494],[173.4635531,-35.0355494],[173.4635531,-35.0355494],[173.4635531,-35.0355493],[173.4635531,-35.0355493],[173.4635532,-35.0355493],[173.4635532,-35.0355493],[173.4635532,-35.0355493],[173.4635532,-35.0355493],[173.4635532,-35.0355493],[173.4635532,-35.0355493],[173.4635533,-35.0355493],[173.4635533,-35.0355493],[173.4635533,-35.0355493],[173.4635533,-35.0355493],[173.4635855,-35.0355606],[173.4635855,-35.0355606],[173.4636172,-35.0355694],[173.4636172,-35.0355694],[173.4636289,-35.0355742],[173.4636289,-35.0355742],[173.4636531,-35.0355552],[173.4636531,-35.0355552],[173.463658,-35.0355262],[173.463658,-35.0355262],[173.463643,-35.0355018],[173.463643,-35.0355018],[173.4636289,-35.0354938],[173.4636289,-35.0354938],[173.4635957,-35.0354921],[173.4635957,-35.0354921],[173.4636166,-35.0355162],[173.4636166,-35.0355162],[173.4636337,-35.0355393],[173.4636337,-35.0355393],[173.4636649,-35.035555],[173.4636649,-35.035555],[173.4637002,-35.035556],[173.4637002,-35.035556],[173.4636689,-35.0355728],[173.4636689,-35.0355728],[173.4636571,-35.0355989],[173.4636571,-35.0355989],[173.463662,-35.0356282],[173.463662,-35.0356282],[173.4636264,-35.0356147],[173.4636264,-35.0356147],[173.463662,-35.035626],[173.463662,-35.035626],[173.4636958,-35.0356309],[173.4636958,-35.0356309],[173.4636729,-35.035651],[173.4636729,-35.035651],[173.4636618,-35.0356778],[173.4636618,-35.0356778],[173.4636675,-35.0356944],[173.4636675,-35.0356944],[173.463701,-35.0356978],[173.463701,-35.0356978],[173.4637067,-35.0357248],[173.4637067,-35.0357248],[173.4637232,-35.0357395],[173.4637232,-35.0357395],[173.4637186,-35.0357689],[173.4637186,-35.0357689],[173.4637453,-35.0357851],[173.4637453,-35.0357851],[173.4637609,-35.0357611],[173.4637609,-35.0357611],[173.4637622,-35.035794],[173.4637622,-35.035794],[173.4637573,-35.0357995],[173.4637573,-35.0357995],[173.4637744,-35.0358114],[173.4637744,-35.0358114],[173.46381,-35.0358234],[173.46381,-35.0358234],[173.4638279,-35.0358007],[173.4638279,-35.0358007],[173.4638276,-35.0357973],[173.4638276,-35.0357973],[173.4638392,-35.0357964],[173.4638392,-35.0357964],[173.4638211,-35.0357738],[173.4638211,-35.0357738],[173.4637942,-35.0357558],[173.4637942,-35.0357558],[173.4637814,-35.0357304],[173.4637814,-35.0357304],[173.4637895,-35.0357037],[173.4637895,-35.0357037],[173.4638146,-35.0356859],[173.4638146,-35.0356859],[173.4638115,-35.0357051],[173.4638115,-35.0357051],[173.4637954,-35.0357287],[173.4637954,-35.0357287],[173.4638045,-35.035702],[173.4638045,-35.035702],[173.4638215,-35.0356777],[173.4638215,-35.0356777],[173.4637937,-35.0356773],[173.4637937,-35.0356773],[173.4637809,-35.0356519],[173.4637809,-35.0356519],[173.4637475,-35.0356508],[173.4637475,-35.0356508],[173.4637171,-35.035666],[173.4637171,-35.035666],[173.4636845,-35.0356541],[173.4636845,-35.0356541],[173.4636517,-35.0356598],[173.4636517,-35.0356598],[173.4636244,-35.0356444],[173.4636244,-35.0356444],[173.4636051,-35.0356663],[173.4636051,-35.0356663],[173.4636119,-35.0356928],[173.4636119,-35.0356928],[173.4636172,-35.0356957],[173.4636172,-35.0356957],[173.4636204,-35.0357227],[173.4636204,-35.0357227],[173.463632,-35.0356955],[173.463632,-35.0356955],[173.4636015,-35.0356834],[173.4636015,-35.0356834],[173.4635895,-35.0356833],[173.4635895,-35.0356833],[173.463578,-35.0357089],[173.463578,-35.0357089],[173.4635742,-35.0357185],[173.4635742,-35.0357185],[173.4635915,-35.0356943],[173.4635915,-35.0356943],[173.4635775,-35.0356692],[173.4635775,-35.0356692],[173.4635442,-35.0356606],[173.4635442,-35.0356606],[173.4635247,-35.0356689],[173.4635247,-35.0356689],[173.4635557,-35.035659],[173.4635557,-35.035659],[173.4635247,-35.0356474],[173.4635247,-35.0356474],[173.4634913,-35.0356442],[173.4634913,-35.0356442],[173.4634863,-35.0356435],[173.4634863,-35.0356435],[173.4634863,-35.0356435],[173.4634863,-35.0356435],[173.4634957,-35.0356172],[173.4634957,-35.0356172],[173.4634654,-35.0356044],[173.4634654,-35.0356044],[173.4634626,-35.0355774],[173.4634626,-35.0355774],[173.4634515,-35.0356039],[173.4634515,-35.0356039],[173.4634478,-35.035631],[173.4634478,-35.035631],[173.4634558,-35.0356436],[173.4634558,-35.0356436],[173.4634558,-35.0356436],[173.4634558,-35.0356436],[173.4634625,-35.0356168],[173.4634625,-35.0356168],[173.4634711,-35.0355905],[173.4634711,-35.0355905],[173.4634794,-35.035563],[173.4634794,-35.035563],[173.4634753,-35.0355359],[173.4634753,-35.0355359],[173.4634604,-35.0355097],[173.4634604,-35.0355097],[173.4634443,-35.0354858],[173.4634443,-35.0354858]]]},\"geometry_name\":\"loc\",\"properties\":{\"project\":\"Paranui Swamp Forest\",\"project_id\":314,\"track\":\"Privet D&F\",\"start_time\":\"2026-08-09T22:02:58\",\"end_time\":\"2026-08-10T00:02:11\",\"activity\":\"\",\"notes\":\"\"},\"bbox\":[173.4631904,-35.0358234,173.4638392,-35.035374]},{\"type\":\"Feature\",\"id\":\"default-project-tracks.19160\",\"geometry\":{\"type\":\"MultiLineString\",\"coordinates\":[[[173.4712762,-35.04035],[173.4712762,-35.04035],[173.4712361,-35.0403352],[173.4712361,-35.0403352],[173.4712124,-35.0403151],[173.4712124,-35.0403151],[173.4711772,-35.0403184],[173.4711772,-35.0403184],[173.4711569,-35.0403432],[173.4711569,-35.0403432],[173.4711374,-35.0403655],[173.4711374,-35.0403655],[173.4711005,-35.0403711],[173.4711005,-35.0403711],[173.4710781,-35.0403923],[173.4710781,-35.0403923],[173.4710488,-35.0404116],[173.4710488,-35.0404116],[173.4710186,-35.0404282],[173.4710186,-35.0404282],[173.4710441,-35.0404462],[173.4710441,-35.0404462],[173.4710581,-35.040474],[173.4710581,-35.040474],[173.4710647,-35.0405009],[173.4710647,-35.0405009],[173.4710897,-35.0405234],[173.4710897,-35.0405234],[173.4711126,-35.0405488],[173.4711126,-35.0405488],[173.471146,-35.0405719],[173.471146,-35.0405719],[173.471169,-35.0405927],[173.471169,-35.0405927],[173.4711531,-35.0406169],[173.4711531,-35.0406169],[173.4711161,-35.0406287],[173.4711161,-35.0406287],[173.4710795,-35.0406358],[173.4710795,-35.0406358],[173.4710448,-35.040653],[173.4710448,-35.040653],[173.4710775,-35.0406702],[173.4710775,-35.0406702],[173.4711163,-35.0406832],[173.4711163,-35.0406832],[173.4711423,-35.0407062],[173.4711423,-35.0407062],[173.4711341,-35.0407368],[173.4711341,-35.0407368],[173.4711026,-35.0407529],[173.4711026,-35.0407529],[173.4710705,-35.0407689],[173.4710705,-35.0407689],[173.4710987,-35.0407923],[173.4710987,-35.0407923],[173.4711332,-35.0407883],[173.4711332,-35.0407883],[173.4711642,-35.0407745],[173.4711642,-35.0407745],[173.4711932,-35.04076],[173.4711932,-35.04076],[173.4712082,-35.0407344],[173.4712082,-35.0407344],[173.4712299,-35.0407128],[173.4712299,-35.0407128],[173.4712181,-35.0406836],[173.4712181,-35.0406836],[173.4712021,-35.0406567],[173.4712021,-35.0406567],[173.4711771,-35.0406365],[173.4711771,-35.0406365],[173.4711835,-35.0405882],[173.4711835,-35.0405882],[173.4712036,-35.0405522],[173.4712036,-35.0405522],[173.4712396,-35.0405248],[173.4712396,-35.0405248],[173.4712621,-35.0405008],[173.4712621,-35.0405008],[173.4712902,-35.0404769],[173.4712902,-35.0404769],[173.4713241,-35.0404602],[173.4713241,-35.0404602],[173.4713463,-35.04044],[173.4713463,-35.04044],[173.471374,-35.0404221],[173.471374,-35.0404221],[173.4714075,-35.0404037],[173.4714075,-35.0404037],[173.4714428,-35.0403894],[173.4714428,-35.0403894],[173.4714731,-35.0404016],[173.4714731,-35.0404016],[173.4715062,-35.0404177],[173.4715062,-35.0404177],[173.4715375,-35.0404051],[173.4715375,-35.0404051]]]},\"geometry_name\":\"loc\",\"properties\":{\"project\":\"Paranui Swamp Forest\",\"project_id\":314,\"track\":\"Jasmine scout \",\"start_time\":\"2026-08-30T22:15:03\",\"end_time\":\"2026-08-30T22:20:45\",\"activity\":\"\",\"notes\":\"\"},\"bbox\":[173.4710186,-35.0407923,173.4715375,-35.0403151]}],\"totalFeatures\":10,\"numberMatched\":10,\"numberReturned\":10,\"timeStamp\":\"2026-09-10T22:39:55.491Z\",\"crs\":{\"type\":\"name\",\"properties\":{\"name\":\"urn:ogc:def:crs:EPSG::4326\"}},\"bbox\":[173.4631904,-35.0407923,173.4715375,-35.0353538]}","project":"Paranui Swamp Forest","project_id":314,"start_time":"2026-01-29T00:59:50.000","track":"Trad patch 3"},"type":"Feature"},{"bbox":[173.465432,-35.035586,173.465971,-35.035354],"geometry":{"coordinates":[[[173.465938,-35.035513],[173.465969,-35.035548],[173.465949,-35.035577],[173.465914,-35.035577],[173.465877,-35.035553],[173.46585,-35.035537],[173.465855,-35.035505],[173.465803,-35.035483],[173.46577,-35.035507],[173.465731,-35.035511],[173.465703,-35.035533],[173.465668,-35.035516],[173.465654,-35.035492],[173.465615,-35.035500999999996],[173.465571,-35.035505],[173.465541,-35.03554],[173.465504,-35.035563],[173.465474,-35.035582],[173.465432,-35.035586],[173.465455,-35.035563],[173.465471,-35.03553],[173.465515,-35.035518],[173.465489,-35.035496],[173.465527,-35.03549],[173.465543,-35.035515],[173.465529,-35.035473],[173.465578,-35.035468],[173.465615,-35.035468],[173.465648,-35.035457],[173.465673,-35.035435],[173.465675,-35.035474],[173.465723,-35.035465],[173.465729,-35.035431],[173.465738,-35.035402],[173.465767,-35.035388],[173.465782,-35.035354],[173.465822,-35.035363],[173.465838,-35.035394],[173.465849,-35.03542],[173.465883,-35.035434],[173.465926,-35.035446],[173.465958,-35.03546],[173.465971,-35.035493]]],"type":"MultiLineString"},"id":7,"properties":{"activity":"","end_time":"2026-01-29T01:10:42.000","id":"default-project-tracks.12047","layer":"Weedmanager - Project 314 - default-project-tracks","notes":"","path":"{\"type\":\"FeatureCollection\",\"features\":[{\"type\":\"Feature\",\"id\":\"default-project-tracks.11996\",\"geometry\":{\"type\":\"MultiLineString\",\"coordinates\":[[[173.4671761,-35.0364685],[173.4671422,-35.0364732],[173.4671082,-35.0364746],[173.4670676,-35.0364745],[173.4670365,-35.0364909],[173.4670296,-35.0365219],[173.4670249,-35.0365511],[173.4670341,-35.0365825],[173.4670678,-35.0365998],[173.4671025,-35.0366162],[173.4671156,-35.036645],[173.4671233,-35.0366729],[173.4671112,-35.0366997],[173.4671063,-35.0367277],[173.4670829,-35.0367486],[173.4670864,-35.036777],[173.4671023,-35.0368013],[173.4671307,-35.0368156],[173.4671476,-35.0368412],[173.4671715,-35.0368606],[173.467191,-35.0368846],[173.4672529,-35.0368966],[173.4672846,-35.0369072],[173.4673217,-35.0369365],[173.4673569,-35.0369365],[173.4673865,-35.0369243],[173.4674268,-35.036919],[173.4674723,-35.0369303]]]},\"geometry_name\":\"loc\",\"properties\":{\"project\":\"Paranui Swamp Forest\",\"project_id\":314,\"track\":\"Trad patch 1\",\"start_time\":\"2026-01-28T22:47:38\",\"end_time\":\"2026-01-28T22:52:03\",\"activity\":\"\",\"notes\":\"\"},\"bbox\":[173.4670249,-35.0369365,173.4674723,-35.0364685]},{\"type\":\"Feature\",\"id\":\"default-project-tracks.11997\",\"geometry\":{\"type\":\"MultiLineString\",\"coordinates\":[[[173.4671761,-35.0364685],[173.4671422,-35.0364732],[173.4671082,-35.0364746],[173.4670676,-35.0364745],[173.4670365,-35.0364909],[173.4670296,-35.0365219],[173.4670249,-35.0365511],[173.4670341,-35.0365825],[173.4670678,-35.0365998],[173.4671025,-35.0366162],[173.4671156,-35.036645],[173.4671233,-35.0366729],[173.4671112,-35.0366997],[173.4671063,-35.0367277],[173.4670829,-35.0367486],[173.4670864,-35.036777],[173.4671023,-35.0368013],[173.4671307,-35.0368156],[173.4671476,-35.0368412],[173.4671715,-35.0368606],[173.467191,-35.0368846],[173.4672529,-35.0368966],[173.4672846,-35.0369072],[173.4673217,-35.0369365],[173.4673569,-35.0369365],[173.4673865,-35.0369243],[173.4674268,-35.036919],[173.4674723,-35.0369303]]]},\"geometry_name\":\"loc\",\"properties\":{\"project\":\"Paranui Swamp Forest\",\"project_id\":314,\"track\":\"Trad patch 1\",\"start_time\":\"2026-01-28T22:47:38\",\"end_time\":\"2026-01-28T22:52:03\",\"activity\":\"\",\"notes\":\"\"},\"bbox\":[173.4670249,-35.0369365,173.4674723,-35.0364685]},{\"type\":\"Feature\",\"id\":\"default-project-tracks.12004\",\"geometry\":{\"type\":\"MultiLineString\",\"coordinates\":[[[173.4668953,-35.0361526],[173.4668617,-35.0361653],[173.4668709,-35.0361995],[173.4668781,-35.0362292],[173.4669054,-35.0362472],[173.4669377,-35.0362559],[173.4669614,-35.0362747],[173.4669632,-35.0363049],[173.4669397,-35.0363271],[173.4669478,-35.0363555],[173.4669516,-35.0363858],[173.466949,-35.0364197],[173.4669221,-35.0364398],[173.4668929,-35.0364529],[173.4668632,-35.0364722],[173.4668288,-35.036408],[173.4668094,-35.0363809],[173.4667794,-35.0363671],[173.4667509,-35.0363535],[173.4667374,-35.0363265],[173.4667374,-35.0363267],[173.4667374,-35.0363267],[173.4667364,-35.0363282],[173.466737,-35.0363282],[173.4667103,-35.0363087],[173.4667017,-35.0362821],[173.4666679,-35.0362768],[173.4666449,-35.0362553],[173.4666122,-35.0362496],[173.4665825,-35.0362276],[173.4665642,-35.0362048],[173.4665498,-35.0361769],[173.4665227,-35.0361555],[173.4664885,-35.0361599],[173.4664609,-35.0361425],[173.4664198,-35.0361099],[173.466424,-35.0360828],[173.4664542,-35.03607],[173.4664872,-35.0360668],[173.4665352,-35.0360397],[173.4665352,-35.0360397],[173.4665352,-35.0360397],[173.4665172,-35.0360114],[173.466489,-35.0359941],[173.4664758,-35.0359672],[173.4664864,-35.0359394],[173.4664663,-35.0358893],[173.466467,-35.035848],[173.4664987,-35.035859]]]},\"geometry_name\":\"loc\",\"properties\":{\"project\":\"Paranui Swamp Forest\",\"project_id\":314,\"track\":\"Trad patch 2\",\"start_time\":\"2026-01-28T23:14:26\",\"end_time\":\"2026-01-28T23:25:19\",\"activity\":\"\",\"notes\":\"\"},\"bbox\":[173.4664198,-35.0364722,173.4669632,-35.035848]},{\"type\":\"Feature\",\"id\":\"default-project-tracks.12005\",\"geometry\":{\"type\":\"MultiLineString\",\"coordinates\":[[[173.4668953,-35.0361526],[173.4668617,-35.0361653],[173.4668709,-35.0361995],[173.4668781,-35.0362292],[173.4669054,-35.0362472],[173.4669377,-35.0362559],[173.4669614,-35.0362747],[173.4669632,-35.0363049],[173.4669397,-35.0363271],[173.4669478,-35.0363555],[173.4669516,-35.0363858],[173.466949,-35.0364197],[173.4669221,-35.0364398],[173.4668929,-35.0364529],[173.4668632,-35.0364722],[173.4668288,-35.036408],[173.4668094,-35.0363809],[173.4667794,-35.0363671],[173.4667509,-35.0363535],[173.4667374,-35.0363265],[173.4667374,-35.0363267],[173.4667374,-35.0363267],[173.4667364,-35.0363282],[173.466737,-35.0363282],[173.4667103,-35.0363087],[173.4667017,-35.0362821],[173.4666679,-35.0362768],[173.4666449,-35.0362553],[173.4666122,-35.0362496],[173.4665825,-35.0362276],[173.4665642,-35.0362048],[173.4665498,-35.0361769],[173.4665227,-35.0361555],[173.4664885,-35.0361599],[173.4664609,-35.0361425],[173.4664198,-35.0361099],[173.466424,-35.0360828],[173.4664542,-35.03607],[173.4664872,-35.0360668],[173.4665352,-35.0360397],[173.4665352,-35.0360397],[173.4665352,-35.0360397],[173.4665172,-35.0360114],[173.466489,-35.0359941],[173.4664758,-35.0359672],[173.4664864,-35.0359394],[173.4664663,-35.0358893],[173.466467,-35.035848],[173.4664987,-35.035859]]]},\"geometry_name\":\"loc\",\"properties\":{\"project\":\"Paranui Swamp Forest\",\"project_id\":314,\"track\":\"Trad patch 2\",\"start_time\":\"2026-01-28T23:14:26\",\"end_time\":\"2026-01-28T23:25:19\",\"activity\":\"\",\"notes\":\"\"},\"bbox\":[173.4664198,-35.0364722,173.4669632,-35.035848]},{\"type\":\"Feature\",\"id\":\"default-project-tracks.12046\",\"geometry\":{\"type\":\"MultiLineString\",\"coordinates\":[[[173.4659375,-35.035513],[173.4659693,-35.0355483],[173.465949,-35.0355767],[173.4659138,-35.0355773],[173.4658768,-35.035553],[173.4658495,-35.0355371],[173.4658549,-35.0355049],[173.4658027,-35.0354828],[173.46577,-35.0355065],[173.4657306,-35.0355106],[173.4657034,-35.0355331],[173.4656677,-35.0355164],[173.4656537,-35.0354919],[173.465615,-35.0355014],[173.465571,-35.0355051],[173.4655413,-35.03554],[173.4655042,-35.0355631],[173.4654739,-35.0355818],[173.4654321,-35.0355859],[173.4654548,-35.0355633],[173.4654712,-35.0355298],[173.4655145,-35.0355182],[173.4654887,-35.0354955],[173.4655273,-35.0354897],[173.4655426,-35.0355154],[173.4655294,-35.035473],[173.4655781,-35.0354683],[173.4656151,-35.0354679],[173.4656476,-35.035457],[173.465673,-35.0354348],[173.4656752,-35.0354735],[173.4657233,-35.0354651],[173.4657285,-35.0354311],[173.465738,-35.0354022],[173.4657671,-35.0353876],[173.4657821,-35.0353538],[173.4658223,-35.0353634],[173.4658381,-35.0353943],[173.4658491,-35.0354201],[173.4658828,-35.0354337],[173.4659256,-35.035446],[173.4659577,-35.0354604],[173.4659713,-35.0354927]]]},\"geometry_name\":\"loc\",\"properties\":{\"project\":\"Paranui Swamp Forest\",\"project_id\":314,\"track\":\"Trad patch 3\",\"start_time\":\"2026-01-29T00:59:50\",\"end_time\":\"2026-01-29T01:10:42\",\"activity\":\"\",\"notes\":\"\"},\"bbox\":[173.4654321,-35.0355859,173.4659713,-35.0353538]},{\"type\":\"Feature\",\"id\":\"default-project-tracks.12047\",\"geometry\":{\"type\":\"MultiLineString\",\"coordinates\":[[[173.4659375,-35.035513],[173.4659693,-35.0355483],[173.465949,-35.0355767],[173.4659138,-35.0355773],[173.4658768,-35.035553],[173.4658495,-35.0355371],[173.4658549,-35.0355049],[173.4658027,-35.0354828],[173.46577,-35.0355065],[173.4657306,-35.0355106],[173.4657034,-35.0355331],[173.4656677,-35.0355164],[173.4656537,-35.0354919],[173.465615,-35.0355014],[173.465571,-35.0355051],[173.4655413,-35.03554],[173.4655042,-35.0355631],[173.4654739,-35.0355818],[173.4654321,-35.0355859],[173.4654548,-35.0355633],[173.4654712,-35.0355298],[173.4655145,-35.0355182],[173.4654887,-35.0354955],[173.4655273,-35.0354897],[173.4655426,-35.0355154],[173.4655294,-35.035473],[173.4655781,-35.0354683],[173.4656151,-35.0354679],[173.4656476,-35.035457],[173.465673,-35.0354348],[173.4656752,-35.0354735],[173.4657233,-35.0354651],[173.4657285,-35.0354311],[173.465738,-35.0354022],[173.4657671,-35.0353876],[173.4657821,-35.0353538],[173.4658223,-35.0353634],[173.4658381,-35.0353943],[173.4658491,-35.0354201],[173.4658828,-35.0354337],[173.4659256,-35.035446],[173.4659577,-35.0354604],[173.4659713,-35.0354927]]]},\"geometry_name\":\"loc\",\"properties\":{\"project\":\"Paranui Swamp Forest\",\"project_id\":314,\"track\":\"Trad patch 3\",\"start_time\":\"2026-01-29T00:59:50\",\"end_time\":\"2026-01-29T01:10:42\",\"activity\":\"\",\"notes\":\"\"},\"bbox\":[173.4654321,-35.0355859,173.4659713,-35.0353538]},{\"type\":\"Feature\",\"id\":\"default-project-tracks.12132\",\"geometry\":{\"type\":\"MultiLineString\",\"coordinates\":[[[173.4659375,-35.035513],[173.4659693,-35.0355483],[173.465949,-35.0355767],[173.4659138,-35.0355773],[173.4658768,-35.035553],[173.4658495,-35.0355371],[173.4658549,-35.0355049],[173.4658027,-35.0354828],[173.46577,-35.0355065],[173.4657306,-35.0355106],[173.4657034,-35.0355331],[173.4656677,-35.0355164],[173.4656537,-35.0354919],[173.465615,-35.0355014],[173.465571,-35.0355051],[173.4655413,-35.03554],[173.4655042,-35.0355631],[173.4654739,-35.0355818],[173.4654321,-35.0355859],[173.4654548,-35.0355633],[173.4654712,-35.0355298],[173.4655145,-35.0355182],[173.4654887,-35.0354955],[173.4655273,-35.0354897],[173.4655426,-35.0355154],[173.4655294,-35.035473],[173.4655781,-35.0354683],[173.4656151,-35.0354679],[173.4656476,-35.035457],[173.465673,-35.0354348],[173.4656752,-35.0354735],[173.4657233,-35.0354651],[173.4657285,-35.0354311],[173.465738,-35.0354022],[173.4657671,-35.0353876],[173.4657821,-35.0353538],[173.4658223,-35.0353634],[173.4658381,-35.0353943],[173.4658491,-35.0354201],[173.4658828,-35.0354337],[173.4659256,-35.035446],[173.4659577,-35.0354604],[173.4659713,-35.0354927]]]},\"geometry_name\":\"loc\",\"properties\":{\"project\":\"Paranui Swamp Forest\",\"project_id\":314,\"track\":\"Trad patch 3\",\"start_time\":\"2026-01-29T00:59:50\",\"end_time\":\"2026-01-29T01:10:42\",\"activity\":\"\",\"notes\":\"\"},\"bbox\":[173.4654321,-35.0355859,173.4659713,-35.0353538]},{\"type\":\"Feature\",\"id\":\"default-project-tracks.12133\",\"geometry\":{\"type\":\"MultiLineString\",\"coordinates\":[[[173.4659375,-35.035513],[173.4659693,-35.0355483],[173.465949,-35.0355767],[173.4659138,-35.0355773],[173.4658768,-35.035553],[173.4658495,-35.0355371],[173.4658549,-35.0355049],[173.4658027,-35.0354828],[173.46577,-35.0355065],[173.4657306,-35.0355106],[173.4657034,-35.0355331],[173.4656677,-35.0355164],[173.4656537,-35.0354919],[173.465615,-35.0355014],[173.465571,-35.0355051],[173.4655413,-35.03554],[173.4655042,-35.0355631],[173.4654739,-35.0355818],[173.4654321,-35.0355859],[173.4654548,-35.0355633],[173.4654712,-35.0355298],[173.4655145,-35.0355182],[173.4654887,-35.0354955],[173.4655273,-35.0354897],[173.4655426,-35.0355154],[173.4655294,-35.035473],[173.4655781,-35.0354683],[173.4656151,-35.0354679],[173.4656476,-35.035457],[173.465673,-35.0354348],[173.4656752,-35.0354735],[173.4657233,-35.0354651],[173.4657285,-35.0354311],[173.465738,-35.0354022],[173.4657671,-35.0353876],[173.4657821,-35.0353538],[173.4658223,-35.0353634],[173.4658381,-35.0353943],[173.4658491,-35.0354201],[173.4658828,-35.0354337],[173.4659256,-35.035446],[173.4659577,-35.0354604],[173.4659713,-35.0354927]]]},\"geometry_name\":\"loc\",\"properties\":{\"project\":\"Paranui Swamp Forest\",\"project_id\":314,\"track\":\"Trad patch 3\",\"start_time\":\"2026-01-29T00:59:50\",\"end_time\":\"2026-01-29T01:10:42\",\"activity\":\"\",\"notes\":\"\"},\"bbox\":[173.4654321,-35.0355859,173.4659713,-35.0353538]},{\"type\":\"Feature\",\"id\":\"default-project-tracks.18635\",\"geometry\":{\"type\":\"MultiLineString\",\"coordinates\":[[[173.4635861,-35.0355865],[173.4635861,-35.0355865],[173.4635763,-35.0355896],[173.4635763,-35.0355896],[173.4635589,-35.0355995],[173.4635589,-35.0355995],[173.463553,-35.0355666],[173.463553,-35.0355666],[173.4635439,-35.0355367],[173.4635439,-35.0355367],[173.4635402,-35.0355089],[173.4635402,-35.0355089],[173.4635572,-35.035495],[173.4635572,-35.035495],[173.4635447,-35.0354696],[173.4635447,-35.0354696],[173.4635122,-35.0354737],[173.4635122,-35.0354737],[173.4635374,-35.035446],[173.4635374,-35.035446],[173.4635009,-35.0354515],[173.4635009,-35.0354515],[173.4635174,-35.0354507],[173.4635174,-35.0354507],[173.463484,-35.0354473],[173.463484,-35.0354473],[173.4634743,-35.035418],[173.4634743,-35.035418],[173.4634643,-35.035392],[173.4634643,-35.035392],[173.4634343,-35.0353807],[173.4634343,-35.0353807],[173.4634686,-35.0353911],[173.4634686,-35.0353911],[173.4634376,-35.0354009],[173.4634376,-35.0354009],[173.463418,-35.0354235],[173.463418,-35.0354235],[173.4634319,-35.0354181],[173.4634319,-35.0354181],[173.463404,-35.0354336],[173.463404,-35.0354336],[173.463419,-35.0354243],[173.463419,-35.0354243],[173.4634187,-35.0354174],[173.4634187,-35.0354174],[173.4633875,-35.0354072],[173.4633875,-35.0354072],[173.463371,-35.0354202],[173.463371,-35.0354202],[173.4633417,-35.0353976],[173.4633417,-35.0353976],[173.4633588,-35.035374],[173.4633588,-35.035374],[173.4633385,-35.0353966],[173.4633385,-35.0353966],[173.4633176,-35.0354187],[173.4633176,-35.0354187],[173.4633119,-35.0354345],[173.4633119,-35.0354345],[173.4632816,-35.0354234],[173.4632816,-35.0354234],[173.463273,-35.0354209],[173.463273,-35.0354209],[173.4632545,-35.0353984],[173.4632545,-35.0353984],[173.4632237,-35.0353874],[173.4632237,-35.0353874],[173.4631904,-35.0353815],[173.4631904,-35.0353815],[173.4632203,-35.0353944],[173.4632203,-35.0353944],[173.4632164,-35.0354219],[173.4632164,-35.0354219],[173.4631921,-35.0354286],[173.4631921,-35.0354286],[173.4632233,-35.0354384],[173.4632233,-35.0354384],[173.4632504,-35.035454],[173.4632504,-35.035454],[173.4632844,-35.0354573],[173.4632844,-35.0354573],[173.4633153,-35.0354444],[173.4633153,-35.0354444],[173.4633415,-35.0354271],[173.4633415,-35.0354271],[173.4633741,-35.0354217],[173.4633741,-35.0354217],[173.4633997,-35.0354417],[173.4633997,-35.0354417],[173.463425,-35.03546],[173.463425,-35.03546],[173.4634561,-35.0354731],[173.4634561,-35.0354731],[173.4634872,-35.0354851],[173.4634872,-35.0354851],[173.4634919,-35.035484],[173.4634919,-35.035484],[173.4634908,-35.0355112],[173.4634908,-35.0355112],[173.4635235,-35.0355243],[173.4635235,-35.0355243],[173.4635162,-35.0355464],[173.4635162,-35.0355464],[173.4635448,-35.0355323],[173.4635448,-35.0355323],[173.4635547,-35.0355621],[173.4635547,-35.0355621],[173.4635418,-35.0355544],[173.4635418,-35.0355544],[173.4635531,-35.0355494],[173.4635531,-35.0355494],[173.4635531,-35.0355494],[173.4635531,-35.0355494],[173.4635531,-35.0355493],[173.4635531,-35.0355493],[173.4635532,-35.0355493],[173.4635532,-35.0355493],[173.4635532,-35.0355493],[173.4635532,-35.0355493],[173.4635532,-35.0355493],[173.4635532,-35.0355493],[173.4635533,-35.0355493],[173.4635533,-35.0355493],[173.4635533,-35.0355493],[173.4635533,-35.0355493],[173.4635855,-35.0355606],[173.4635855,-35.0355606],[173.4636172,-35.0355694],[173.4636172,-35.0355694],[173.4636289,-35.0355742],[173.4636289,-35.0355742],[173.4636531,-35.0355552],[173.4636531,-35.0355552],[173.463658,-35.0355262],[173.463658,-35.0355262],[173.463643,-35.0355018],[173.463643,-35.0355018],[173.4636289,-35.0354938],[173.4636289,-35.0354938],[173.4635957,-35.0354921],[173.4635957,-35.0354921],[173.4636166,-35.0355162],[173.4636166,-35.0355162],[173.4636337,-35.0355393],[173.4636337,-35.0355393],[173.4636649,-35.035555],[173.4636649,-35.035555],[173.4637002,-35.035556],[173.4637002,-35.035556],[173.4636689,-35.0355728],[173.4636689,-35.0355728],[173.4636571,-35.0355989],[173.4636571,-35.0355989],[173.463662,-35.0356282],[173.463662,-35.0356282],[173.4636264,-35.0356147],[173.4636264,-35.0356147],[173.463662,-35.035626],[173.463662,-35.035626],[173.4636958,-35.0356309],[173.4636958,-35.0356309],[173.4636729,-35.035651],[173.4636729,-35.035651],[173.4636618,-35.0356778],[173.4636618,-35.0356778],[173.4636675,-35.0356944],[173.4636675,-35.0356944],[173.463701,-35.0356978],[173.463701,-35.0356978],[173.4637067,-35.0357248],[173.4637067,-35.0357248],[173.4637232,-35.0357395],[173.4637232,-35.0357395],[173.4637186,-35.0357689],[173.4637186,-35.0357689],[173.4637453,-35.0357851],[173.4637453,-35.0357851],[173.4637609,-35.0357611],[173.4637609,-35.0357611],[173.4637622,-35.035794],[173.4637622,-35.035794],[173.4637573,-35.0357995],[173.4637573,-35.0357995],[173.4637744,-35.0358114],[173.4637744,-35.0358114],[173.46381,-35.0358234],[173.46381,-35.0358234],[173.4638279,-35.0358007],[173.4638279,-35.0358007],[173.4638276,-35.0357973],[173.4638276,-35.0357973],[173.4638392,-35.0357964],[173.4638392,-35.0357964],[173.4638211,-35.0357738],[173.4638211,-35.0357738],[173.4637942,-35.0357558],[173.4637942,-35.0357558],[173.4637814,-35.0357304],[173.4637814,-35.0357304],[173.4637895,-35.0357037],[173.4637895,-35.0357037],[173.4638146,-35.0356859],[173.4638146,-35.0356859],[173.4638115,-35.0357051],[173.4638115,-35.0357051],[173.4637954,-35.0357287],[173.4637954,-35.0357287],[173.4638045,-35.035702],[173.4638045,-35.035702],[173.4638215,-35.0356777],[173.4638215,-35.0356777],[173.4637937,-35.0356773],[173.4637937,-35.0356773],[173.4637809,-35.0356519],[173.4637809,-35.0356519],[173.4637475,-35.0356508],[173.4637475,-35.0356508],[173.4637171,-35.035666],[173.4637171,-35.035666],[173.4636845,-35.0356541],[173.4636845,-35.0356541],[173.4636517,-35.0356598],[173.4636517,-35.0356598],[173.4636244,-35.0356444],[173.4636244,-35.0356444],[173.4636051,-35.0356663],[173.4636051,-35.0356663],[173.4636119,-35.0356928],[173.4636119,-35.0356928],[173.4636172,-35.0356957],[173.4636172,-35.0356957],[173.4636204,-35.0357227],[173.4636204,-35.0357227],[173.463632,-35.0356955],[173.463632,-35.0356955],[173.4636015,-35.0356834],[173.4636015,-35.0356834],[173.4635895,-35.0356833],[173.4635895,-35.0356833],[173.463578,-35.0357089],[173.463578,-35.0357089],[173.4635742,-35.0357185],[173.4635742,-35.0357185],[173.4635915,-35.0356943],[173.4635915,-35.0356943],[173.4635775,-35.0356692],[173.4635775,-35.0356692],[173.4635442,-35.0356606],[173.4635442,-35.0356606],[173.4635247,-35.0356689],[173.4635247,-35.0356689],[173.4635557,-35.035659],[173.4635557,-35.035659],[173.4635247,-35.0356474],[173.4635247,-35.0356474],[173.4634913,-35.0356442],[173.4634913,-35.0356442],[173.4634863,-35.0356435],[173.4634863,-35.0356435],[173.4634863,-35.0356435],[173.4634863,-35.0356435],[173.4634957,-35.0356172],[173.4634957,-35.0356172],[173.4634654,-35.0356044],[173.4634654,-35.0356044],[173.4634626,-35.0355774],[173.4634626,-35.0355774],[173.4634515,-35.0356039],[173.4634515,-35.0356039],[173.4634478,-35.035631],[173.4634478,-35.035631],[173.4634558,-35.0356436],[173.4634558,-35.0356436],[173.4634558,-35.0356436],[173.4634558,-35.0356436],[173.4634625,-35.0356168],[173.4634625,-35.0356168],[173.4634711,-35.0355905],[173.4634711,-35.0355905],[173.4634794,-35.035563],[173.4634794,-35.035563],[173.4634753,-35.0355359],[173.4634753,-35.0355359],[173.4634604,-35.0355097],[173.4634604,-35.0355097],[173.4634443,-35.0354858],[173.4634443,-35.0354858]]]},\"geometry_name\":\"loc\",\"properties\":{\"project\":\"Paranui Swamp Forest\",\"project_id\":314,\"track\":\"Privet D&F\",\"start_time\":\"2026-08-09T22:02:58\",\"end_time\":\"2026-08-10T00:02:11\",\"activity\":\"\",\"notes\":\"\"},\"bbox\":[173.4631904,-35.0358234,173.4638392,-35.035374]},{\"type\":\"Feature\",\"id\":\"default-project-tracks.19160\",\"geometry\":{\"type\":\"MultiLineString\",\"coordinates\":[[[173.4712762,-35.04035],[173.4712762,-35.04035],[173.4712361,-35.0403352],[173.4712361,-35.0403352],[173.4712124,-35.0403151],[173.4712124,-35.0403151],[173.4711772,-35.0403184],[173.4711772,-35.0403184],[173.4711569,-35.0403432],[173.4711569,-35.0403432],[173.4711374,-35.0403655],[173.4711374,-35.0403655],[173.4711005,-35.0403711],[173.4711005,-35.0403711],[173.4710781,-35.0403923],[173.4710781,-35.0403923],[173.4710488,-35.0404116],[173.4710488,-35.0404116],[173.4710186,-35.0404282],[173.4710186,-35.0404282],[173.4710441,-35.0404462],[173.4710441,-35.0404462],[173.4710581,-35.040474],[173.4710581,-35.040474],[173.4710647,-35.0405009],[173.4710647,-35.0405009],[173.4710897,-35.0405234],[173.4710897,-35.0405234],[173.4711126,-35.0405488],[173.4711126,-35.0405488],[173.471146,-35.0405719],[173.471146,-35.0405719],[173.471169,-35.0405927],[173.471169,-35.0405927],[173.4711531,-35.0406169],[173.4711531,-35.0406169],[173.4711161,-35.0406287],[173.4711161,-35.0406287],[173.4710795,-35.0406358],[173.4710795,-35.0406358],[173.4710448,-35.040653],[173.4710448,-35.040653],[173.4710775,-35.0406702],[173.4710775,-35.0406702],[173.4711163,-35.0406832],[173.4711163,-35.0406832],[173.4711423,-35.0407062],[173.4711423,-35.0407062],[173.4711341,-35.0407368],[173.4711341,-35.0407368],[173.4711026,-35.0407529],[173.4711026,-35.0407529],[173.4710705,-35.0407689],[173.4710705,-35.0407689],[173.4710987,-35.0407923],[173.4710987,-35.0407923],[173.4711332,-35.0407883],[173.4711332,-35.0407883],[173.4711642,-35.0407745],[173.4711642,-35.0407745],[173.4711932,-35.04076],[173.4711932,-35.04076],[173.4712082,-35.0407344],[173.4712082,-35.0407344],[173.4712299,-35.0407128],[173.4712299,-35.0407128],[173.4712181,-35.0406836],[173.4712181,-35.0406836],[173.4712021,-35.0406567],[173.4712021,-35.0406567],[173.4711771,-35.0406365],[173.4711771,-35.0406365],[173.4711835,-35.0405882],[173.4711835,-35.0405882],[173.4712036,-35.0405522],[173.4712036,-35.0405522],[173.4712396,-35.0405248],[173.4712396,-35.0405248],[173.4712621,-35.0405008],[173.4712621,-35.0405008],[173.4712902,-35.0404769],[173.4712902,-35.0404769],[173.4713241,-35.0404602],[173.4713241,-35.0404602],[173.4713463,-35.04044],[173.4713463,-35.04044],[173.471374,-35.0404221],[173.471374,-35.0404221],[173.4714075,-35.0404037],[173.4714075,-35.0404037],[173.4714428,-35.0403894],[173.4714428,-35.0403894],[173.4714731,-35.0404016],[173.4714731,-35.0404016],[173.4715062,-35.0404177],[173.4715062,-35.0404177],[173.4715375,-35.0404051],[173.4715375,-35.0404051]]]},\"geometry_name\":\"loc\",\"properties\":{\"project\":\"Paranui Swamp Forest\",\"project_id\":314,\"track\":\"Jasmine scout \",\"start_time\":\"2026-08-30T22:15:03\",\"end_time\":\"2026-08-30T22:20:45\",\"activity\":\"\",\"notes\":\"\"},\"bbox\":[173.4710186,-35.0407923,173.4715375,-35.0403151]}],\"totalFeatures\":10,\"numberMatched\":10,\"numberReturned\":10,\"timeStamp\":\"2026-09-10T22:39:55.491Z\",\"crs\":{\"type\":\"name\",\"properties\":{\"name\":\"urn:ogc:def:crs:EPSG::4326\"}},\"bbox\":[173.4631904,-35.0407923,173.4715375,-35.0353538]}","project":"Paranui Swamp Forest","project_id":314,"start_time":"2026-01-29T00:59:50.000","track":"Trad patch 3"},"type":"Feature"},{"bbox":[173.465432,-35.035586,173.465971,-35.035354],"geometry":{"coordinates":[[[173.465938,-35.035513],[173.465969,-35.035548],[173.465949,-35.035577],[173.465914,-35.035577],[173.465877,-35.035553],[173.46585,-35.035537],[173.465855,-35.035505],[173.465803,-35.035483],[173.46577,-35.035507],[173.465731,-35.035511],[173.465703,-35.035533],[173.465668,-35.035516],[173.465654,-35.035492],[173.465615,-35.035500999999996],[173.465571,-35.035505],[173.465541,-35.03554],[173.465504,-35.035563],[173.465474,-35.035582],[173.465432,-35.035586],[173.465455,-35.035563],[173.465471,-35.03553],[173.465515,-35.035518],[173.465489,-35.035496],[173.465527,-35.03549],[173.465543,-35.035515],[173.465529,-35.035473],[173.465578,-35.035468],[173.465615,-35.035468],[173.465648,-35.035457],[173.465673,-35.035435],[173.465675,-35.035474],[173.465723,-35.035465],[173.465729,-35.035431],[173.465738,-35.035402],[173.465767,-35.035388],[173.465782,-35.035354],[173.465822,-35.035363],[173.465838,-35.035394],[173.465849,-35.03542],[173.465883,-35.035434],[173.465926,-35.035446],[173.465958,-35.03546],[173.465971,-35.035493]]],"type":"MultiLineString"},"id":8,"properties":{"activity":"","end_time":"2026-01-29T01:10:42.000","id":"default-project-tracks.12132","layer":"Weedmanager - Project 314 - default-project-tracks","notes":"","path":"{\"type\":\"FeatureCollection\",\"features\":[{\"type\":\"Feature\",\"id\":\"default-project-tracks.11996\",\"geometry\":{\"type\":\"MultiLineString\",\"coordinates\":[[[173.4671761,-35.0364685],[173.4671422,-35.0364732],[173.4671082,-35.0364746],[173.4670676,-35.0364745],[173.4670365,-35.0364909],[173.4670296,-35.0365219],[173.4670249,-35.0365511],[173.4670341,-35.0365825],[173.4670678,-35.0365998],[173.4671025,-35.0366162],[173.4671156,-35.036645],[173.4671233,-35.0366729],[173.4671112,-35.0366997],[173.4671063,-35.0367277],[173.4670829,-35.0367486],[173.4670864,-35.036777],[173.4671023,-35.0368013],[173.4671307,-35.0368156],[173.4671476,-35.0368412],[173.4671715,-35.0368606],[173.467191,-35.0368846],[173.4672529,-35.0368966],[173.4672846,-35.0369072],[173.4673217,-35.0369365],[173.4673569,-35.0369365],[173.4673865,-35.0369243],[173.4674268,-35.036919],[173.4674723,-35.0369303]]]},\"geometry_name\":\"loc\",\"properties\":{\"project\":\"Paranui Swamp Forest\",\"project_id\":314,\"track\":\"Trad patch 1\",\"start_time\":\"2026-01-28T22:47:38\",\"end_time\":\"2026-01-28T22:52:03\",\"activity\":\"\",\"notes\":\"\"},\"bbox\":[173.4670249,-35.0369365,173.4674723,-35.0364685]},{\"type\":\"Feature\",\"id\":\"default-project-tracks.11997\",\"geometry\":{\"type\":\"MultiLineString\",\"coordinates\":[[[173.4671761,-35.0364685],[173.4671422,-35.0364732],[173.4671082,-35.0364746],[173.4670676,-35.0364745],[173.4670365,-35.0364909],[173.4670296,-35.0365219],[173.4670249,-35.0365511],[173.4670341,-35.0365825],[173.4670678,-35.0365998],[173.4671025,-35.0366162],[173.4671156,-35.036645],[173.4671233,-35.0366729],[173.4671112,-35.0366997],[173.4671063,-35.0367277],[173.4670829,-35.0367486],[173.4670864,-35.036777],[173.4671023,-35.0368013],[173.4671307,-35.0368156],[173.4671476,-35.0368412],[173.4671715,-35.0368606],[173.467191,-35.0368846],[173.4672529,-35.0368966],[173.4672846,-35.0369072],[173.4673217,-35.0369365],[173.4673569,-35.0369365],[173.4673865,-35.0369243],[173.4674268,-35.036919],[173.4674723,-35.0369303]]]},\"geometry_name\":\"loc\",\"properties\":{\"project\":\"Paranui Swamp Forest\",\"project_id\":314,\"track\":\"Trad patch 1\",\"start_time\":\"2026-01-28T22:47:38\",\"end_time\":\"2026-01-28T22:52:03\",\"activity\":\"\",\"notes\":\"\"},\"bbox\":[173.4670249,-35.0369365,173.4674723,-35.0364685]},{\"type\":\"Feature\",\"id\":\"default-project-tracks.12004\",\"geometry\":{\"type\":\"MultiLineString\",\"coordinates\":[[[173.4668953,-35.0361526],[173.4668617,-35.0361653],[173.4668709,-35.0361995],[173.4668781,-35.0362292],[173.4669054,-35.0362472],[173.4669377,-35.0362559],[173.4669614,-35.0362747],[173.4669632,-35.0363049],[173.4669397,-35.0363271],[173.4669478,-35.0363555],[173.4669516,-35.0363858],[173.466949,-35.0364197],[173.4669221,-35.0364398],[173.4668929,-35.0364529],[173.4668632,-35.0364722],[173.4668288,-35.036408],[173.4668094,-35.0363809],[173.4667794,-35.0363671],[173.4667509,-35.0363535],[173.4667374,-35.0363265],[173.4667374,-35.0363267],[173.4667374,-35.0363267],[173.4667364,-35.0363282],[173.466737,-35.0363282],[173.4667103,-35.0363087],[173.4667017,-35.0362821],[173.4666679,-35.0362768],[173.4666449,-35.0362553],[173.4666122,-35.0362496],[173.4665825,-35.0362276],[173.4665642,-35.0362048],[173.4665498,-35.0361769],[173.4665227,-35.0361555],[173.4664885,-35.0361599],[173.4664609,-35.0361425],[173.4664198,-35.0361099],[173.466424,-35.0360828],[173.4664542,-35.03607],[173.4664872,-35.0360668],[173.4665352,-35.0360397],[173.4665352,-35.0360397],[173.4665352,-35.0360397],[173.4665172,-35.0360114],[173.466489,-35.0359941],[173.4664758,-35.0359672],[173.4664864,-35.0359394],[173.4664663,-35.0358893],[173.466467,-35.035848],[173.4664987,-35.035859]]]},\"geometry_name\":\"loc\",\"properties\":{\"project\":\"Paranui Swamp Forest\",\"project_id\":314,\"track\":\"Trad patch 2\",\"start_time\":\"2026-01-28T23:14:26\",\"end_time\":\"2026-01-28T23:25:19\",\"activity\":\"\",\"notes\":\"\"},\"bbox\":[173.4664198,-35.0364722,173.4669632,-35.035848]},{\"type\":\"Feature\",\"id\":\"default-project-tracks.12005\",\"geometry\":{\"type\":\"MultiLineString\",\"coordinates\":[[[173.4668953,-35.0361526],[173.4668617,-35.0361653],[173.4668709,-35.0361995],[173.4668781,-35.0362292],[173.4669054,-35.0362472],[173.4669377,-35.0362559],[173.4669614,-35.0362747],[173.4669632,-35.0363049],[173.4669397,-35.0363271],[173.4669478,-35.0363555],[173.4669516,-35.0363858],[173.466949,-35.0364197],[173.4669221,-35.0364398],[173.4668929,-35.0364529],[173.4668632,-35.0364722],[173.4668288,-35.036408],[173.4668094,-35.0363809],[173.4667794,-35.0363671],[173.4667509,-35.0363535],[173.4667374,-35.0363265],[173.4667374,-35.0363267],[173.4667374,-35.0363267],[173.4667364,-35.0363282],[173.466737,-35.0363282],[173.4667103,-35.0363087],[173.4667017,-35.0362821],[173.4666679,-35.0362768],[173.4666449,-35.0362553],[173.4666122,-35.0362496],[173.4665825,-35.0362276],[173.4665642,-35.0362048],[173.4665498,-35.0361769],[173.4665227,-35.0361555],[173.4664885,-35.0361599],[173.4664609,-35.0361425],[173.4664198,-35.0361099],[173.466424,-35.0360828],[173.4664542,-35.03607],[173.4664872,-35.0360668],[173.4665352,-35.0360397],[173.4665352,-35.0360397],[173.4665352,-35.0360397],[173.4665172,-35.0360114],[173.466489,-35.0359941],[173.4664758,-35.0359672],[173.4664864,-35.0359394],[173.4664663,-35.0358893],[173.466467,-35.035848],[173.4664987,-35.035859]]]},\"geometry_name\":\"loc\",\"properties\":{\"project\":\"Paranui Swamp Forest\",\"project_id\":314,\"track\":\"Trad patch 2\",\"start_time\":\"2026-01-28T23:14:26\",\"end_time\":\"2026-01-28T23:25:19\",\"activity\":\"\",\"notes\":\"\"},\"bbox\":[173.4664198,-35.0364722,173.4669632,-35.035848]},{\"type\":\"Feature\",\"id\":\"default-project-tracks.12046\",\"geometry\":{\"type\":\"MultiLineString\",\"coordinates\":[[[173.4659375,-35.035513],[173.4659693,-35.0355483],[173.465949,-35.0355767],[173.4659138,-35.0355773],[173.4658768,-35.035553],[173.4658495,-35.0355371],[173.4658549,-35.0355049],[173.4658027,-35.0354828],[173.46577,-35.0355065],[173.4657306,-35.0355106],[173.4657034,-35.0355331],[173.4656677,-35.0355164],[173.4656537,-35.0354919],[173.465615,-35.0355014],[173.465571,-35.0355051],[173.4655413,-35.03554],[173.4655042,-35.0355631],[173.4654739,-35.0355818],[173.4654321,-35.0355859],[173.4654548,-35.0355633],[173.4654712,-35.0355298],[173.4655145,-35.0355182],[173.4654887,-35.0354955],[173.4655273,-35.0354897],[173.4655426,-35.0355154],[173.4655294,-35.035473],[173.4655781,-35.0354683],[173.4656151,-35.0354679],[173.4656476,-35.035457],[173.465673,-35.0354348],[173.4656752,-35.0354735],[173.4657233,-35.0354651],[173.4657285,-35.0354311],[173.465738,-35.0354022],[173.4657671,-35.0353876],[173.4657821,-35.0353538],[173.4658223,-35.0353634],[173.4658381,-35.0353943],[173.4658491,-35.0354201],[173.4658828,-35.0354337],[173.4659256,-35.035446],[173.4659577,-35.0354604],[173.4659713,-35.0354927]]]},\"geometry_name\":\"loc\",\"properties\":{\"project\":\"Paranui Swamp Forest\",\"project_id\":314,\"track\":\"Trad patch 3\",\"start_time\":\"2026-01-29T00:59:50\",\"end_time\":\"2026-01-29T01:10:42\",\"activity\":\"\",\"notes\":\"\"},\"bbox\":[173.4654321,-35.0355859,173.4659713,-35.0353538]},{\"type\":\"Feature\",\"id\":\"default-project-tracks.12047\",\"geometry\":{\"type\":\"MultiLineString\",\"coordinates\":[[[173.4659375,-35.035513],[173.4659693,-35.0355483],[173.465949,-35.0355767],[173.4659138,-35.0355773],[173.4658768,-35.035553],[173.4658495,-35.0355371],[173.4658549,-35.0355049],[173.4658027,-35.0354828],[173.46577,-35.0355065],[173.4657306,-35.0355106],[173.4657034,-35.0355331],[173.4656677,-35.0355164],[173.4656537,-35.0354919],[173.465615,-35.0355014],[173.465571,-35.0355051],[173.4655413,-35.03554],[173.4655042,-35.0355631],[173.4654739,-35.0355818],[173.4654321,-35.0355859],[173.4654548,-35.0355633],[173.4654712,-35.0355298],[173.4655145,-35.0355182],[173.4654887,-35.0354955],[173.4655273,-35.0354897],[173.4655426,-35.0355154],[173.4655294,-35.035473],[173.4655781,-35.0354683],[173.4656151,-35.0354679],[173.4656476,-35.035457],[173.465673,-35.0354348],[173.4656752,-35.0354735],[173.4657233,-35.0354651],[173.4657285,-35.0354311],[173.465738,-35.0354022],[173.4657671,-35.0353876],[173.4657821,-35.0353538],[173.4658223,-35.0353634],[173.4658381,-35.0353943],[173.4658491,-35.0354201],[173.4658828,-35.0354337],[173.4659256,-35.035446],[173.4659577,-35.0354604],[173.4659713,-35.0354927]]]},\"geometry_name\":\"loc\",\"properties\":{\"project\":\"Paranui Swamp Forest\",\"project_id\":314,\"track\":\"Trad patch 3\",\"start_time\":\"2026-01-29T00:59:50\",\"end_time\":\"2026-01-29T01:10:42\",\"activity\":\"\",\"notes\":\"\"},\"bbox\":[173.4654321,-35.0355859,173.4659713,-35.0353538]},{\"type\":\"Feature\",\"id\":\"default-project-tracks.12132\",\"geometry\":{\"type\":\"MultiLineString\",\"coordinates\":[[[173.4659375,-35.035513],[173.4659693,-35.0355483],[173.465949,-35.0355767],[173.4659138,-35.0355773],[173.4658768,-35.035553],[173.4658495,-35.0355371],[173.4658549,-35.0355049],[173.4658027,-35.0354828],[173.46577,-35.0355065],[173.4657306,-35.0355106],[173.4657034,-35.0355331],[173.4656677,-35.0355164],[173.4656537,-35.0354919],[173.465615,-35.0355014],[173.465571,-35.0355051],[173.4655413,-35.03554],[173.4655042,-35.0355631],[173.4654739,-35.0355818],[173.4654321,-35.0355859],[173.4654548,-35.0355633],[173.4654712,-35.0355298],[173.4655145,-35.0355182],[173.4654887,-35.0354955],[173.4655273,-35.0354897],[173.4655426,-35.0355154],[173.4655294,-35.035473],[173.4655781,-35.0354683],[173.4656151,-35.0354679],[173.4656476,-35.035457],[173.465673,-35.0354348],[173.4656752,-35.0354735],[173.4657233,-35.0354651],[173.4657285,-35.0354311],[173.465738,-35.0354022],[173.4657671,-35.0353876],[173.4657821,-35.0353538],[173.4658223,-35.0353634],[173.4658381,-35.0353943],[173.4658491,-35.0354201],[173.4658828,-35.0354337],[173.4659256,-35.035446],[173.4659577,-35.0354604],[173.4659713,-35.0354927]]]},\"geometry_name\":\"loc\",\"properties\":{\"project\":\"Paranui Swamp Forest\",\"project_id\":314,\"track\":\"Trad patch 3\",\"start_time\":\"2026-01-29T00:59:50\",\"end_time\":\"2026-01-29T01:10:42\",\"activity\":\"\",\"notes\":\"\"},\"bbox\":[173.4654321,-35.0355859,173.4659713,-35.0353538]},{\"type\":\"Feature\",\"id\":\"default-project-tracks.12133\",\"geometry\":{\"type\":\"MultiLineString\",\"coordinates\":[[[173.4659375,-35.035513],[173.4659693,-35.0355483],[173.465949,-35.0355767],[173.4659138,-35.0355773],[173.4658768,-35.035553],[173.4658495,-35.0355371],[173.4658549,-35.0355049],[173.4658027,-35.0354828],[173.46577,-35.0355065],[173.4657306,-35.0355106],[173.4657034,-35.0355331],[173.4656677,-35.0355164],[173.4656537,-35.0354919],[173.465615,-35.0355014],[173.465571,-35.0355051],[173.4655413,-35.03554],[173.4655042,-35.0355631],[173.4654739,-35.0355818],[173.4654321,-35.0355859],[173.4654548,-35.0355633],[173.4654712,-35.0355298],[173.4655145,-35.0355182],[173.4654887,-35.0354955],[173.4655273,-35.0354897],[173.4655426,-35.0355154],[173.4655294,-35.035473],[173.4655781,-35.0354683],[173.4656151,-35.0354679],[173.4656476,-35.035457],[173.465673,-35.0354348],[173.4656752,-35.0354735],[173.4657233,-35.0354651],[173.4657285,-35.0354311],[173.465738,-35.0354022],[173.4657671,-35.0353876],[173.4657821,-35.0353538],[173.4658223,-35.0353634],[173.4658381,-35.0353943],[173.4658491,-35.0354201],[173.4658828,-35.0354337],[173.4659256,-35.035446],[173.4659577,-35.0354604],[173.4659713,-35.0354927]]]},\"geometry_name\":\"loc\",\"properties\":{\"project\":\"Paranui Swamp Forest\",\"project_id\":314,\"track\":\"Trad patch 3\",\"start_time\":\"2026-01-29T00:59:50\",\"end_time\":\"2026-01-29T01:10:42\",\"activity\":\"\",\"notes\":\"\"},\"bbox\":[173.4654321,-35.0355859,173.4659713,-35.0353538]},{\"type\":\"Feature\",\"id\":\"default-project-tracks.18635\",\"geometry\":{\"type\":\"MultiLineString\",\"coordinates\":[[[173.4635861,-35.0355865],[173.4635861,-35.0355865],[173.4635763,-35.0355896],[173.4635763,-35.0355896],[173.4635589,-35.0355995],[173.4635589,-35.0355995],[173.463553,-35.0355666],[173.463553,-35.0355666],[173.4635439,-35.0355367],[173.4635439,-35.0355367],[173.4635402,-35.0355089],[173.4635402,-35.0355089],[173.4635572,-35.035495],[173.4635572,-35.035495],[173.4635447,-35.0354696],[173.4635447,-35.0354696],[173.4635122,-35.0354737],[173.4635122,-35.0354737],[173.4635374,-35.035446],[173.4635374,-35.035446],[173.4635009,-35.0354515],[173.4635009,-35.0354515],[173.4635174,-35.0354507],[173.4635174,-35.0354507],[173.463484,-35.0354473],[173.463484,-35.0354473],[173.4634743,-35.035418],[173.4634743,-35.035418],[173.4634643,-35.035392],[173.4634643,-35.035392],[173.4634343,-35.0353807],[173.4634343,-35.0353807],[173.4634686,-35.0353911],[173.4634686,-35.0353911],[173.4634376,-35.0354009],[173.4634376,-35.0354009],[173.463418,-35.0354235],[173.463418,-35.0354235],[173.4634319,-35.0354181],[173.4634319,-35.0354181],[173.463404,-35.0354336],[173.463404,-35.0354336],[173.463419,-35.0354243],[173.463419,-35.0354243],[173.4634187,-35.0354174],[173.4634187,-35.0354174],[173.4633875,-35.0354072],[173.4633875,-35.0354072],[173.463371,-35.0354202],[173.463371,-35.0354202],[173.4633417,-35.0353976],[173.4633417,-35.0353976],[173.4633588,-35.035374],[173.4633588,-35.035374],[173.4633385,-35.0353966],[173.4633385,-35.0353966],[173.4633176,-35.0354187],[173.4633176,-35.0354187],[173.4633119,-35.0354345],[173.4633119,-35.0354345],[173.4632816,-35.0354234],[173.4632816,-35.0354234],[173.463273,-35.0354209],[173.463273,-35.0354209],[173.4632545,-35.0353984],[173.4632545,-35.0353984],[173.4632237,-35.0353874],[173.4632237,-35.0353874],[173.4631904,-35.0353815],[173.4631904,-35.0353815],[173.4632203,-35.0353944],[173.4632203,-35.0353944],[173.4632164,-35.0354219],[173.4632164,-35.0354219],[173.4631921,-35.0354286],[173.4631921,-35.0354286],[173.4632233,-35.0354384],[173.4632233,-35.0354384],[173.4632504,-35.035454],[173.4632504,-35.035454],[173.4632844,-35.0354573],[173.4632844,-35.0354573],[173.4633153,-35.0354444],[173.4633153,-35.0354444],[173.4633415,-35.0354271],[173.4633415,-35.0354271],[173.4633741,-35.0354217],[173.4633741,-35.0354217],[173.4633997,-35.0354417],[173.4633997,-35.0354417],[173.463425,-35.03546],[173.463425,-35.03546],[173.4634561,-35.0354731],[173.4634561,-35.0354731],[173.4634872,-35.0354851],[173.4634872,-35.0354851],[173.4634919,-35.035484],[173.4634919,-35.035484],[173.4634908,-35.0355112],[173.4634908,-35.0355112],[173.4635235,-35.0355243],[173.4635235,-35.0355243],[173.4635162,-35.0355464],[173.4635162,-35.0355464],[173.4635448,-35.0355323],[173.4635448,-35.0355323],[173.4635547,-35.0355621],[173.4635547,-35.0355621],[173.4635418,-35.0355544],[173.4635418,-35.0355544],[173.4635531,-35.0355494],[173.4635531,-35.0355494],[173.4635531,-35.0355494],[173.4635531,-35.0355494],[173.4635531,-35.0355493],[173.4635531,-35.0355493],[173.4635532,-35.0355493],[173.4635532,-35.0355493],[173.4635532,-35.0355493],[173.4635532,-35.0355493],[173.4635532,-35.0355493],[173.4635532,-35.0355493],[173.4635533,-35.0355493],[173.4635533,-35.0355493],[173.4635533,-35.0355493],[173.4635533,-35.0355493],[173.4635855,-35.0355606],[173.4635855,-35.0355606],[173.4636172,-35.0355694],[173.4636172,-35.0355694],[173.4636289,-35.0355742],[173.4636289,-35.0355742],[173.4636531,-35.0355552],[173.4636531,-35.0355552],[173.463658,-35.0355262],[173.463658,-35.0355262],[173.463643,-35.0355018],[173.463643,-35.0355018],[173.4636289,-35.0354938],[173.4636289,-35.0354938],[173.4635957,-35.0354921],[173.4635957,-35.0354921],[173.4636166,-35.0355162],[173.4636166,-35.0355162],[173.4636337,-35.0355393],[173.4636337,-35.0355393],[173.4636649,-35.035555],[173.4636649,-35.035555],[173.4637002,-35.035556],[173.4637002,-35.035556],[173.4636689,-35.0355728],[173.4636689,-35.0355728],[173.4636571,-35.0355989],[173.4636571,-35.0355989],[173.463662,-35.0356282],[173.463662,-35.0356282],[173.4636264,-35.0356147],[173.4636264,-35.0356147],[173.463662,-35.035626],[173.463662,-35.035626],[173.4636958,-35.0356309],[173.4636958,-35.0356309],[173.4636729,-35.035651],[173.4636729,-35.035651],[173.4636618,-35.0356778],[173.4636618,-35.0356778],[173.4636675,-35.0356944],[173.4636675,-35.0356944],[173.463701,-35.0356978],[173.463701,-35.0356978],[173.4637067,-35.0357248],[173.4637067,-35.0357248],[173.4637232,-35.0357395],[173.4637232,-35.0357395],[173.4637186,-35.0357689],[173.4637186,-35.0357689],[173.4637453,-35.0357851],[173.4637453,-35.0357851],[173.4637609,-35.0357611],[173.4637609,-35.0357611],[173.4637622,-35.035794],[173.4637622,-35.035794],[173.4637573,-35.0357995],[173.4637573,-35.0357995],[173.4637744,-35.0358114],[173.4637744,-35.0358114],[173.46381,-35.0358234],[173.46381,-35.0358234],[173.4638279,-35.0358007],[173.4638279,-35.0358007],[173.4638276,-35.0357973],[173.4638276,-35.0357973],[173.4638392,-35.0357964],[173.4638392,-35.0357964],[173.4638211,-35.0357738],[173.4638211,-35.0357738],[173.4637942,-35.0357558],[173.4637942,-35.0357558],[173.4637814,-35.0357304],[173.4637814,-35.0357304],[173.4637895,-35.0357037],[173.4637895,-35.0357037],[173.4638146,-35.0356859],[173.4638146,-35.0356859],[173.4638115,-35.0357051],[173.4638115,-35.0357051],[173.4637954,-35.0357287],[173.4637954,-35.0357287],[173.4638045,-35.035702],[173.4638045,-35.035702],[173.4638215,-35.0356777],[173.4638215,-35.0356777],[173.4637937,-35.0356773],[173.4637937,-35.0356773],[173.4637809,-35.0356519],[173.4637809,-35.0356519],[173.4637475,-35.0356508],[173.4637475,-35.0356508],[173.4637171,-35.035666],[173.4637171,-35.035666],[173.4636845,-35.0356541],[173.4636845,-35.0356541],[173.4636517,-35.0356598],[173.4636517,-35.0356598],[173.4636244,-35.0356444],[173.4636244,-35.0356444],[173.4636051,-35.0356663],[173.4636051,-35.0356663],[173.4636119,-35.0356928],[173.4636119,-35.0356928],[173.4636172,-35.0356957],[173.4636172,-35.0356957],[173.4636204,-35.0357227],[173.4636204,-35.0357227],[173.463632,-35.0356955],[173.463632,-35.0356955],[173.4636015,-35.0356834],[173.4636015,-35.0356834],[173.4635895,-35.0356833],[173.4635895,-35.0356833],[173.463578,-35.0357089],[173.463578,-35.0357089],[173.4635742,-35.0357185],[173.4635742,-35.0357185],[173.4635915,-35.0356943],[173.4635915,-35.0356943],[173.4635775,-35.0356692],[173.4635775,-35.0356692],[173.4635442,-35.0356606],[173.4635442,-35.0356606],[173.4635247,-35.0356689],[173.4635247,-35.0356689],[173.4635557,-35.035659],[173.4635557,-35.035659],[173.4635247,-35.0356474],[173.4635247,-35.0356474],[173.4634913,-35.0356442],[173.4634913,-35.0356442],[173.4634863,-35.0356435],[173.4634863,-35.0356435],[173.4634863,-35.0356435],[173.4634863,-35.0356435],[173.4634957,-35.0356172],[173.4634957,-35.0356172],[173.4634654,-35.0356044],[173.4634654,-35.0356044],[173.4634626,-35.0355774],[173.4634626,-35.0355774],[173.4634515,-35.0356039],[173.4634515,-35.0356039],[173.4634478,-35.035631],[173.4634478,-35.035631],[173.4634558,-35.0356436],[173.4634558,-35.0356436],[173.4634558,-35.0356436],[173.4634558,-35.0356436],[173.4634625,-35.0356168],[173.4634625,-35.0356168],[173.4634711,-35.0355905],[173.4634711,-35.0355905],[173.4634794,-35.035563],[173.4634794,-35.035563],[173.4634753,-35.0355359],[173.4634753,-35.0355359],[173.4634604,-35.0355097],[173.4634604,-35.0355097],[173.4634443,-35.0354858],[173.4634443,-35.0354858]]]},\"geometry_name\":\"loc\",\"properties\":{\"project\":\"Paranui Swamp Forest\",\"project_id\":314,\"track\":\"Privet D&F\",\"start_time\":\"2026-08-09T22:02:58\",\"end_time\":\"2026-08-10T00:02:11\",\"activity\":\"\",\"notes\":\"\"},\"bbox\":[173.4631904,-35.0358234,173.4638392,-35.035374]},{\"type\":\"Feature\",\"id\":\"default-project-tracks.19160\",\"geometry\":{\"type\":\"MultiLineString\",\"coordinates\":[[[173.4712762,-35.04035],[173.4712762,-35.04035],[173.4712361,-35.0403352],[173.4712361,-35.0403352],[173.4712124,-35.0403151],[173.4712124,-35.0403151],[173.4711772,-35.0403184],[173.4711772,-35.0403184],[173.4711569,-35.0403432],[173.4711569,-35.0403432],[173.4711374,-35.0403655],[173.4711374,-35.0403655],[173.4711005,-35.0403711],[173.4711005,-35.0403711],[173.4710781,-35.0403923],[173.4710781,-35.0403923],[173.4710488,-35.0404116],[173.4710488,-35.0404116],[173.4710186,-35.0404282],[173.4710186,-35.0404282],[173.4710441,-35.0404462],[173.4710441,-35.0404462],[173.4710581,-35.040474],[173.4710581,-35.040474],[173.4710647,-35.0405009],[173.4710647,-35.0405009],[173.4710897,-35.0405234],[173.4710897,-35.0405234],[173.4711126,-35.0405488],[173.4711126,-35.0405488],[173.471146,-35.0405719],[173.471146,-35.0405719],[173.471169,-35.0405927],[173.471169,-35.0405927],[173.4711531,-35.0406169],[173.4711531,-35.0406169],[173.4711161,-35.0406287],[173.4711161,-35.0406287],[173.4710795,-35.0406358],[173.4710795,-35.0406358],[173.4710448,-35.040653],[173.4710448,-35.040653],[173.4710775,-35.0406702],[173.4710775,-35.0406702],[173.4711163,-35.0406832],[173.4711163,-35.0406832],[173.4711423,-35.0407062],[173.4711423,-35.0407062],[173.4711341,-35.0407368],[173.4711341,-35.0407368],[173.4711026,-35.0407529],[173.4711026,-35.0407529],[173.4710705,-35.0407689],[173.4710705,-35.0407689],[173.4710987,-35.0407923],[173.4710987,-35.0407923],[173.4711332,-35.0407883],[173.4711332,-35.0407883],[173.4711642,-35.0407745],[173.4711642,-35.0407745],[173.4711932,-35.04076],[173.4711932,-35.04076],[173.4712082,-35.0407344],[173.4712082,-35.0407344],[173.4712299,-35.0407128],[173.4712299,-35.0407128],[173.4712181,-35.0406836],[173.4712181,-35.0406836],[173.4712021,-35.0406567],[173.4712021,-35.0406567],[173.4711771,-35.0406365],[173.4711771,-35.0406365],[173.4711835,-35.0405882],[173.4711835,-35.0405882],[173.4712036,-35.0405522],[173.4712036,-35.0405522],[173.4712396,-35.0405248],[173.4712396,-35.0405248],[173.4712621,-35.0405008],[173.4712621,-35.0405008],[173.4712902,-35.0404769],[173.4712902,-35.0404769],[173.4713241,-35.0404602],[173.4713241,-35.0404602],[173.4713463,-35.04044],[173.4713463,-35.04044],[173.471374,-35.0404221],[173.471374,-35.0404221],[173.4714075,-35.0404037],[173.4714075,-35.0404037],[173.4714428,-35.0403894],[173.4714428,-35.0403894],[173.4714731,-35.0404016],[173.4714731,-35.0404016],[173.4715062,-35.0404177],[173.4715062,-35.0404177],[173.4715375,-35.0404051],[173.4715375,-35.0404051]]]},\"geometry_name\":\"loc\",\"properties\":{\"project\":\"Paranui Swamp Forest\",\"project_id\":314,\"track\":\"Jasmine scout \",\"start_time\":\"2026-08-30T22:15:03\",\"end_time\":\"2026-08-30T22:20:45\",\"activity\":\"\",\"notes\":\"\"},\"bbox\":[173.4710186,-35.0407923,173.4715375,-35.0403151]}],\"totalFeatures\":10,\"numberMatched\":10,\"numberReturned\":10,\"timeStamp\":\"2026-09-10T22:39:55.491Z\",\"crs\":{\"type\":\"name\",\"properties\":{\"name\":\"urn:ogc:def:crs:EPSG::4326\"}},\"bbox\":[173.4631904,-35.0407923,173.4715375,-35.0353538]}","project":"Paranui Swamp Forest","project_id":314,"start_time":"2026-01-29T00:59:50.000","track":"Trad patch 3"},"type":"Feature"},{"bbox":[173.465432,-35.035586,173.465971,-35.035354],"geometry":{"coordinates":[[[173.465938,-35.035513],[173.465969,-35.035548],[173.465949,-35.035577],[173.465914,-35.035577],[173.465877,-35.035553],[173.46585,-35.035537],[173.465855,-35.035505],[173.465803,-35.035483],[173.46577,-35.035507],[173.465731,-35.035511],[173.465703,-35.035533],[173.465668,-35.035516],[173.465654,-35.035492],[173.465615,-35.035500999999996],[173.465571,-35.035505],[173.465541,-35.03554],[173.465504,-35.035563],[173.465474,-35.035582],[173.465432,-35.035586],[173.465455,-35.035563],[173.465471,-35.03553],[173.465515,-35.035518],[173.465489,-35.035496],[173.465527,-35.03549],[173.465543,-35.035515],[173.465529,-35.035473],[173.465578,-35.035468],[173.465615,-35.035468],[173.465648,-35.035457],[173.465673,-35.035435],[173.465675,-35.035474],[173.465723,-35.035465],[173.465729,-35.035431],[173.465738,-35.035402],[173.465767,-35.035388],[173.465782,-35.035354],[173.465822,-35.035363],[173.465838,-35.035394],[173.465849,-35.03542],[173.465883,-35.035434],[173.465926,-35.035446],[173.465958,-35.03546],[173.465971,-35.035493]]],"type":"MultiLineString"},"id":9,"properties":{"activity":"","end_time":"2026-01-29T01:10:42.000","id":"default-project-tracks.12133","layer":"Weedmanager - Project 314 - default-project-tracks","notes":"","path":"{\"type\":\"FeatureCollection\",\"features\":[{\"type\":\"Feature\",\"id\":\"default-project-tracks.11996\",\"geometry\":{\"type\":\"MultiLineString\",\"coordinates\":[[[173.4671761,-35.0364685],[173.4671422,-35.0364732],[173.4671082,-35.0364746],[173.4670676,-35.0364745],[173.4670365,-35.0364909],[173.4670296,-35.0365219],[173.4670249,-35.0365511],[173.4670341,-35.0365825],[173.4670678,-35.0365998],[173.4671025,-35.0366162],[173.4671156,-35.036645],[173.4671233,-35.0366729],[173.4671112,-35.0366997],[173.4671063,-35.0367277],[173.4670829,-35.0367486],[173.4670864,-35.036777],[173.4671023,-35.0368013],[173.4671307,-35.0368156],[173.4671476,-35.0368412],[173.4671715,-35.0368606],[173.467191,-35.0368846],[173.4672529,-35.0368966],[173.4672846,-35.0369072],[173.4673217,-35.0369365],[173.4673569,-35.0369365],[173.4673865,-35.0369243],[173.4674268,-35.036919],[173.4674723,-35.0369303]]]},\"geometry_name\":\"loc\",\"properties\":{\"project\":\"Paranui Swamp Forest\",\"project_id\":314,\"track\":\"Trad patch 1\",\"start_time\":\"2026-01-28T22:47:38\",\"end_time\":\"2026-01-28T22:52:03\",\"activity\":\"\",\"notes\":\"\"},\"bbox\":[173.4670249,-35.0369365,173.4674723,-35.0364685]},{\"type\":\"Feature\",\"id\":\"default-project-tracks.11997\",\"geometry\":{\"type\":\"MultiLineString\",\"coordinates\":[[[173.4671761,-35.0364685],[173.4671422,-35.0364732],[173.4671082,-35.0364746],[173.4670676,-35.0364745],[173.4670365,-35.0364909],[173.4670296,-35.0365219],[173.4670249,-35.0365511],[173.4670341,-35.0365825],[173.4670678,-35.0365998],[173.4671025,-35.0366162],[173.4671156,-35.036645],[173.4671233,-35.0366729],[173.4671112,-35.0366997],[173.4671063,-35.0367277],[173.4670829,-35.0367486],[173.4670864,-35.036777],[173.4671023,-35.0368013],[173.4671307,-35.0368156],[173.4671476,-35.0368412],[173.4671715,-35.0368606],[173.467191,-35.0368846],[173.4672529,-35.0368966],[173.4672846,-35.0369072],[173.4673217,-35.0369365],[173.4673569,-35.0369365],[173.4673865,-35.0369243],[173.4674268,-35.036919],[173.4674723,-35.0369303]]]},\"geometry_name\":\"loc\",\"properties\":{\"project\":\"Paranui Swamp Forest\",\"project_id\":314,\"track\":\"Trad patch 1\",\"start_time\":\"2026-01-28T22:47:38\",\"end_time\":\"2026-01-28T22:52:03\",\"activity\":\"\",\"notes\":\"\"},\"bbox\":[173.4670249,-35.0369365,173.4674723,-35.0364685]},{\"type\":\"Feature\",\"id\":\"default-project-tracks.12004\",\"geometry\":{\"type\":\"MultiLineString\",\"coordinates\":[[[173.4668953,-35.0361526],[173.4668617,-35.0361653],[173.4668709,-35.0361995],[173.4668781,-35.0362292],[173.4669054,-35.0362472],[173.4669377,-35.0362559],[173.4669614,-35.0362747],[173.4669632,-35.0363049],[173.4669397,-35.0363271],[173.4669478,-35.0363555],[173.4669516,-35.0363858],[173.466949,-35.0364197],[173.4669221,-35.0364398],[173.4668929,-35.0364529],[173.4668632,-35.0364722],[173.4668288,-35.036408],[173.4668094,-35.0363809],[173.4667794,-35.0363671],[173.4667509,-35.0363535],[173.4667374,-35.0363265],[173.4667374,-35.0363267],[173.4667374,-35.0363267],[173.4667364,-35.0363282],[173.466737,-35.0363282],[173.4667103,-35.0363087],[173.4667017,-35.0362821],[173.4666679,-35.0362768],[173.4666449,-35.0362553],[173.4666122,-35.0362496],[173.4665825,-35.0362276],[173.4665642,-35.0362048],[173.4665498,-35.0361769],[173.4665227,-35.0361555],[173.4664885,-35.0361599],[173.4664609,-35.0361425],[173.4664198,-35.0361099],[173.466424,-35.0360828],[173.4664542,-35.03607],[173.4664872,-35.0360668],[173.4665352,-35.0360397],[173.4665352,-35.0360397],[173.4665352,-35.0360397],[173.4665172,-35.0360114],[173.466489,-35.0359941],[173.4664758,-35.0359672],[173.4664864,-35.0359394],[173.4664663,-35.0358893],[173.466467,-35.035848],[173.4664987,-35.035859]]]},\"geometry_name\":\"loc\",\"properties\":{\"project\":\"Paranui Swamp Forest\",\"project_id\":314,\"track\":\"Trad patch 2\",\"start_time\":\"2026-01-28T23:14:26\",\"end_time\":\"2026-01-28T23:25:19\",\"activity\":\"\",\"notes\":\"\"},\"bbox\":[173.4664198,-35.0364722,173.4669632,-35.035848]},{\"type\":\"Feature\",\"id\":\"default-project-tracks.12005\",\"geometry\":{\"type\":\"MultiLineString\",\"coordinates\":[[[173.4668953,-35.0361526],[173.4668617,-35.0361653],[173.4668709,-35.0361995],[173.4668781,-35.0362292],[173.4669054,-35.0362472],[173.4669377,-35.0362559],[173.4669614,-35.0362747],[173.4669632,-35.0363049],[173.4669397,-35.0363271],[173.4669478,-35.0363555],[173.4669516,-35.0363858],[173.466949,-35.0364197],[173.4669221,-35.0364398],[173.4668929,-35.0364529],[173.4668632,-35.0364722],[173.4668288,-35.036408],[173.4668094,-35.0363809],[173.4667794,-35.0363671],[173.4667509,-35.0363535],[173.4667374,-35.0363265],[173.4667374,-35.0363267],[173.4667374,-35.0363267],[173.4667364,-35.0363282],[173.466737,-35.0363282],[173.4667103,-35.0363087],[173.4667017,-35.0362821],[173.4666679,-35.0362768],[173.4666449,-35.0362553],[173.4666122,-35.0362496],[173.4665825,-35.0362276],[173.4665642,-35.0362048],[173.4665498,-35.0361769],[173.4665227,-35.0361555],[173.4664885,-35.0361599],[173.4664609,-35.0361425],[173.4664198,-35.0361099],[173.466424,-35.0360828],[173.4664542,-35.03607],[173.4664872,-35.0360668],[173.4665352,-35.0360397],[173.4665352,-35.0360397],[173.4665352,-35.0360397],[173.4665172,-35.0360114],[173.466489,-35.0359941],[173.4664758,-35.0359672],[173.4664864,-35.0359394],[173.4664663,-35.0358893],[173.466467,-35.035848],[173.4664987,-35.035859]]]},\"geometry_name\":\"loc\",\"properties\":{\"project\":\"Paranui Swamp Forest\",\"project_id\":314,\"track\":\"Trad patch 2\",\"start_time\":\"2026-01-28T23:14:26\",\"end_time\":\"2026-01-28T23:25:19\",\"activity\":\"\",\"notes\":\"\"},\"bbox\":[173.4664198,-35.0364722,173.4669632,-35.035848]},{\"type\":\"Feature\",\"id\":\"default-project-tracks.12046\",\"geometry\":{\"type\":\"MultiLineString\",\"coordinates\":[[[173.4659375,-35.035513],[173.4659693,-35.0355483],[173.465949,-35.0355767],[173.4659138,-35.0355773],[173.4658768,-35.035553],[173.4658495,-35.0355371],[173.4658549,-35.0355049],[173.4658027,-35.0354828],[173.46577,-35.0355065],[173.4657306,-35.0355106],[173.4657034,-35.0355331],[173.4656677,-35.0355164],[173.4656537,-35.0354919],[173.465615,-35.0355014],[173.465571,-35.0355051],[173.4655413,-35.03554],[173.4655042,-35.0355631],[173.4654739,-35.0355818],[173.4654321,-35.0355859],[173.4654548,-35.0355633],[173.4654712,-35.0355298],[173.4655145,-35.0355182],[173.4654887,-35.0354955],[173.4655273,-35.0354897],[173.4655426,-35.0355154],[173.4655294,-35.035473],[173.4655781,-35.0354683],[173.4656151,-35.0354679],[173.4656476,-35.035457],[173.465673,-35.0354348],[173.4656752,-35.0354735],[173.4657233,-35.0354651],[173.4657285,-35.0354311],[173.465738,-35.0354022],[173.4657671,-35.0353876],[173.4657821,-35.0353538],[173.4658223,-35.0353634],[173.4658381,-35.0353943],[173.4658491,-35.0354201],[173.4658828,-35.0354337],[173.4659256,-35.035446],[173.4659577,-35.0354604],[173.4659713,-35.0354927]]]},\"geometry_name\":\"loc\",\"properties\":{\"project\":\"Paranui Swamp Forest\",\"project_id\":314,\"track\":\"Trad patch 3\",\"start_time\":\"2026-01-29T00:59:50\",\"end_time\":\"2026-01-29T01:10:42\",\"activity\":\"\",\"notes\":\"\"},\"bbox\":[173.4654321,-35.0355859,173.4659713,-35.0353538]},{\"type\":\"Feature\",\"id\":\"default-project-tracks.12047\",\"geometry\":{\"type\":\"MultiLineString\",\"coordinates\":[[[173.4659375,-35.035513],[173.4659693,-35.0355483],[173.465949,-35.0355767],[173.4659138,-35.0355773],[173.4658768,-35.035553],[173.4658495,-35.0355371],[173.4658549,-35.0355049],[173.4658027,-35.0354828],[173.46577,-35.0355065],[173.4657306,-35.0355106],[173.4657034,-35.0355331],[173.4656677,-35.0355164],[173.4656537,-35.0354919],[173.465615,-35.0355014],[173.465571,-35.0355051],[173.4655413,-35.03554],[173.4655042,-35.0355631],[173.4654739,-35.0355818],[173.4654321,-35.0355859],[173.4654548,-35.0355633],[173.4654712,-35.0355298],[173.4655145,-35.0355182],[173.4654887,-35.0354955],[173.4655273,-35.0354897],[173.4655426,-35.0355154],[173.4655294,-35.035473],[173.4655781,-35.0354683],[173.4656151,-35.0354679],[173.4656476,-35.035457],[173.465673,-35.0354348],[173.4656752,-35.0354735],[173.4657233,-35.0354651],[173.4657285,-35.0354311],[173.465738,-35.0354022],[173.4657671,-35.0353876],[173.4657821,-35.0353538],[173.4658223,-35.0353634],[173.4658381,-35.0353943],[173.4658491,-35.0354201],[173.4658828,-35.0354337],[173.4659256,-35.035446],[173.4659577,-35.0354604],[173.4659713,-35.0354927]]]},\"geometry_name\":\"loc\",\"properties\":{\"project\":\"Paranui Swamp Forest\",\"project_id\":314,\"track\":\"Trad patch 3\",\"start_time\":\"2026-01-29T00:59:50\",\"end_time\":\"2026-01-29T01:10:42\",\"activity\":\"\",\"notes\":\"\"},\"bbox\":[173.4654321,-35.0355859,173.4659713,-35.0353538]},{\"type\":\"Feature\",\"id\":\"default-project-tracks.12132\",\"geometry\":{\"type\":\"MultiLineString\",\"coordinates\":[[[173.4659375,-35.035513],[173.4659693,-35.0355483],[173.465949,-35.0355767],[173.4659138,-35.0355773],[173.4658768,-35.035553],[173.4658495,-35.0355371],[173.4658549,-35.0355049],[173.4658027,-35.0354828],[173.46577,-35.0355065],[173.4657306,-35.0355106],[173.4657034,-35.0355331],[173.4656677,-35.0355164],[173.4656537,-35.0354919],[173.465615,-35.0355014],[173.465571,-35.0355051],[173.4655413,-35.03554],[173.4655042,-35.0355631],[173.4654739,-35.0355818],[173.4654321,-35.0355859],[173.4654548,-35.0355633],[173.4654712,-35.0355298],[173.4655145,-35.0355182],[173.4654887,-35.0354955],[173.4655273,-35.0354897],[173.4655426,-35.0355154],[173.4655294,-35.035473],[173.4655781,-35.0354683],[173.4656151,-35.0354679],[173.4656476,-35.035457],[173.465673,-35.0354348],[173.4656752,-35.0354735],[173.4657233,-35.0354651],[173.4657285,-35.0354311],[173.465738,-35.0354022],[173.4657671,-35.0353876],[173.4657821,-35.0353538],[173.4658223,-35.0353634],[173.4658381,-35.0353943],[173.4658491,-35.0354201],[173.4658828,-35.0354337],[173.4659256,-35.035446],[173.4659577,-35.0354604],[173.4659713,-35.0354927]]]},\"geometry_name\":\"loc\",\"properties\":{\"project\":\"Paranui Swamp Forest\",\"project_id\":314,\"track\":\"Trad patch 3\",\"start_time\":\"2026-01-29T00:59:50\",\"end_time\":\"2026-01-29T01:10:42\",\"activity\":\"\",\"notes\":\"\"},\"bbox\":[173.4654321,-35.0355859,173.4659713,-35.0353538]},{\"type\":\"Feature\",\"id\":\"default-project-tracks.12133\",\"geometry\":{\"type\":\"MultiLineString\",\"coordinates\":[[[173.4659375,-35.035513],[173.4659693,-35.0355483],[173.465949,-35.0355767],[173.4659138,-35.0355773],[173.4658768,-35.035553],[173.4658495,-35.0355371],[173.4658549,-35.0355049],[173.4658027,-35.0354828],[173.46577,-35.0355065],[173.4657306,-35.0355106],[173.4657034,-35.0355331],[173.4656677,-35.0355164],[173.4656537,-35.0354919],[173.465615,-35.0355014],[173.465571,-35.0355051],[173.4655413,-35.03554],[173.4655042,-35.0355631],[173.4654739,-35.0355818],[173.4654321,-35.0355859],[173.4654548,-35.0355633],[173.4654712,-35.0355298],[173.4655145,-35.0355182],[173.4654887,-35.0354955],[173.4655273,-35.0354897],[173.4655426,-35.0355154],[173.4655294,-35.035473],[173.4655781,-35.0354683],[173.4656151,-35.0354679],[173.4656476,-35.035457],[173.465673,-35.0354348],[173.4656752,-35.0354735],[173.4657233,-35.0354651],[173.4657285,-35.0354311],[173.465738,-35.0354022],[173.4657671,-35.0353876],[173.4657821,-35.0353538],[173.4658223,-35.0353634],[173.4658381,-35.0353943],[173.4658491,-35.0354201],[173.4658828,-35.0354337],[173.4659256,-35.035446],[173.4659577,-35.0354604],[173.4659713,-35.0354927]]]},\"geometry_name\":\"loc\",\"properties\":{\"project\":\"Paranui Swamp Forest\",\"project_id\":314,\"track\":\"Trad patch 3\",\"start_time\":\"2026-01-29T00:59:50\",\"end_time\":\"2026-01-29T01:10:42\",\"activity\":\"\",\"notes\":\"\"},\"bbox\":[173.4654321,-35.0355859,173.4659713,-35.0353538]},{\"type\":\"Feature\",\"id\":\"default-project-tracks.18635\",\"geometry\":{\"type\":\"MultiLineString\",\"coordinates\":[[[173.4635861,-35.0355865],[173.4635861,-35.0355865],[173.4635763,-35.0355896],[173.4635763,-35.0355896],[173.4635589,-35.0355995],[173.4635589,-35.0355995],[173.463553,-35.0355666],[173.463553,-35.0355666],[173.4635439,-35.0355367],[173.4635439,-35.0355367],[173.4635402,-35.0355089],[173.4635402,-35.0355089],[173.4635572,-35.035495],[173.4635572,-35.035495],[173.4635447,-35.0354696],[173.4635447,-35.0354696],[173.4635122,-35.0354737],[173.4635122,-35.0354737],[173.4635374,-35.035446],[173.4635374,-35.035446],[173.4635009,-35.0354515],[173.4635009,-35.0354515],[173.4635174,-35.0354507],[173.4635174,-35.0354507],[173.463484,-35.0354473],[173.463484,-35.0354473],[173.4634743,-35.035418],[173.4634743,-35.035418],[173.4634643,-35.035392],[173.4634643,-35.035392],[173.4634343,-35.0353807],[173.4634343,-35.0353807],[173.4634686,-35.0353911],[173.4634686,-35.0353911],[173.4634376,-35.0354009],[173.4634376,-35.0354009],[173.463418,-35.0354235],[173.463418,-35.0354235],[173.4634319,-35.0354181],[173.4634319,-35.0354181],[173.463404,-35.0354336],[173.463404,-35.0354336],[173.463419,-35.0354243],[173.463419,-35.0354243],[173.4634187,-35.0354174],[173.4634187,-35.0354174],[173.4633875,-35.0354072],[173.4633875,-35.0354072],[173.463371,-35.0354202],[173.463371,-35.0354202],[173.4633417,-35.0353976],[173.4633417,-35.0353976],[173.4633588,-35.035374],[173.4633588,-35.035374],[173.4633385,-35.0353966],[173.4633385,-35.0353966],[173.4633176,-35.0354187],[173.4633176,-35.0354187],[173.4633119,-35.0354345],[173.4633119,-35.0354345],[173.4632816,-35.0354234],[173.4632816,-35.0354234],[173.463273,-35.0354209],[173.463273,-35.0354209],[173.4632545,-35.0353984],[173.4632545,-35.0353984],[173.4632237,-35.0353874],[173.4632237,-35.0353874],[173.4631904,-35.0353815],[173.4631904,-35.0353815],[173.4632203,-35.0353944],[173.4632203,-35.0353944],[173.4632164,-35.0354219],[173.4632164,-35.0354219],[173.4631921,-35.0354286],[173.4631921,-35.0354286],[173.4632233,-35.0354384],[173.4632233,-35.0354384],[173.4632504,-35.035454],[173.4632504,-35.035454],[173.4632844,-35.0354573],[173.4632844,-35.0354573],[173.4633153,-35.0354444],[173.4633153,-35.0354444],[173.4633415,-35.0354271],[173.4633415,-35.0354271],[173.4633741,-35.0354217],[173.4633741,-35.0354217],[173.4633997,-35.0354417],[173.4633997,-35.0354417],[173.463425,-35.03546],[173.463425,-35.03546],[173.4634561,-35.0354731],[173.4634561,-35.0354731],[173.4634872,-35.0354851],[173.4634872,-35.0354851],[173.4634919,-35.035484],[173.4634919,-35.035484],[173.4634908,-35.0355112],[173.4634908,-35.0355112],[173.4635235,-35.0355243],[173.4635235,-35.0355243],[173.4635162,-35.0355464],[173.4635162,-35.0355464],[173.4635448,-35.0355323],[173.4635448,-35.0355323],[173.4635547,-35.0355621],[173.4635547,-35.0355621],[173.4635418,-35.0355544],[173.4635418,-35.0355544],[173.4635531,-35.0355494],[173.4635531,-35.0355494],[173.4635531,-35.0355494],[173.4635531,-35.0355494],[173.4635531,-35.0355493],[173.4635531,-35.0355493],[173.4635532,-35.0355493],[173.4635532,-35.0355493],[173.4635532,-35.0355493],[173.4635532,-35.0355493],[173.4635532,-35.0355493],[173.4635532,-35.0355493],[173.4635533,-35.0355493],[173.4635533,-35.0355493],[173.4635533,-35.0355493],[173.4635533,-35.0355493],[173.4635855,-35.0355606],[173.4635855,-35.0355606],[173.4636172,-35.0355694],[173.4636172,-35.0355694],[173.4636289,-35.0355742],[173.4636289,-35.0355742],[173.4636531,-35.0355552],[173.4636531,-35.0355552],[173.463658,-35.0355262],[173.463658,-35.0355262],[173.463643,-35.0355018],[173.463643,-35.0355018],[173.4636289,-35.0354938],[173.4636289,-35.0354938],[173.4635957,-35.0354921],[173.4635957,-35.0354921],[173.4636166,-35.0355162],[173.4636166,-35.0355162],[173.4636337,-35.0355393],[173.4636337,-35.0355393],[173.4636649,-35.035555],[173.4636649,-35.035555],[173.4637002,-35.035556],[173.4637002,-35.035556],[173.4636689,-35.0355728],[173.4636689,-35.0355728],[173.4636571,-35.0355989],[173.4636571,-35.0355989],[173.463662,-35.0356282],[173.463662,-35.0356282],[173.4636264,-35.0356147],[173.4636264,-35.0356147],[173.463662,-35.035626],[173.463662,-35.035626],[173.4636958,-35.0356309],[173.4636958,-35.0356309],[173.4636729,-35.035651],[173.4636729,-35.035651],[173.4636618,-35.0356778],[173.4636618,-35.0356778],[173.4636675,-35.0356944],[173.4636675,-35.0356944],[173.463701,-35.0356978],[173.463701,-35.0356978],[173.4637067,-35.0357248],[173.4637067,-35.0357248],[173.4637232,-35.0357395],[173.4637232,-35.0357395],[173.4637186,-35.0357689],[173.4637186,-35.0357689],[173.4637453,-35.0357851],[173.4637453,-35.0357851],[173.4637609,-35.0357611],[173.4637609,-35.0357611],[173.4637622,-35.035794],[173.4637622,-35.035794],[173.4637573,-35.0357995],[173.4637573,-35.0357995],[173.4637744,-35.0358114],[173.4637744,-35.0358114],[173.46381,-35.0358234],[173.46381,-35.0358234],[173.4638279,-35.0358007],[173.4638279,-35.0358007],[173.4638276,-35.0357973],[173.4638276,-35.0357973],[173.4638392,-35.0357964],[173.4638392,-35.0357964],[173.4638211,-35.0357738],[173.4638211,-35.0357738],[173.4637942,-35.0357558],[173.4637942,-35.0357558],[173.4637814,-35.0357304],[173.4637814,-35.0357304],[173.4637895,-35.0357037],[173.4637895,-35.0357037],[173.4638146,-35.0356859],[173.4638146,-35.0356859],[173.4638115,-35.0357051],[173.4638115,-35.0357051],[173.4637954,-35.0357287],[173.4637954,-35.0357287],[173.4638045,-35.035702],[173.4638045,-35.035702],[173.4638215,-35.0356777],[173.4638215,-35.0356777],[173.4637937,-35.0356773],[173.4637937,-35.0356773],[173.4637809,-35.0356519],[173.4637809,-35.0356519],[173.4637475,-35.0356508],[173.4637475,-35.0356508],[173.4637171,-35.035666],[173.4637171,-35.035666],[173.4636845,-35.0356541],[173.4636845,-35.0356541],[173.4636517,-35.0356598],[173.4636517,-35.0356598],[173.4636244,-35.0356444],[173.4636244,-35.0356444],[173.4636051,-35.0356663],[173.4636051,-35.0356663],[173.4636119,-35.0356928],[173.4636119,-35.0356928],[173.4636172,-35.0356957],[173.4636172,-35.0356957],[173.4636204,-35.0357227],[173.4636204,-35.0357227],[173.463632,-35.0356955],[173.463632,-35.0356955],[173.4636015,-35.0356834],[173.4636015,-35.0356834],[173.4635895,-35.0356833],[173.4635895,-35.0356833],[173.463578,-35.0357089],[173.463578,-35.0357089],[173.4635742,-35.0357185],[173.4635742,-35.0357185],[173.4635915,-35.0356943],[173.4635915,-35.0356943],[173.4635775,-35.0356692],[173.4635775,-35.0356692],[173.4635442,-35.0356606],[173.4635442,-35.0356606],[173.4635247,-35.0356689],[173.4635247,-35.0356689],[173.4635557,-35.035659],[173.4635557,-35.035659],[173.4635247,-35.0356474],[173.4635247,-35.0356474],[173.4634913,-35.0356442],[173.4634913,-35.0356442],[173.4634863,-35.0356435],[173.4634863,-35.0356435],[173.4634863,-35.0356435],[173.4634863,-35.0356435],[173.4634957,-35.0356172],[173.4634957,-35.0356172],[173.4634654,-35.0356044],[173.4634654,-35.0356044],[173.4634626,-35.0355774],[173.4634626,-35.0355774],[173.4634515,-35.0356039],[173.4634515,-35.0356039],[173.4634478,-35.035631],[173.4634478,-35.035631],[173.4634558,-35.0356436],[173.4634558,-35.0356436],[173.4634558,-35.0356436],[173.4634558,-35.0356436],[173.4634625,-35.0356168],[173.4634625,-35.0356168],[173.4634711,-35.0355905],[173.4634711,-35.0355905],[173.4634794,-35.035563],[173.4634794,-35.035563],[173.4634753,-35.0355359],[173.4634753,-35.0355359],[173.4634604,-35.0355097],[173.4634604,-35.0355097],[173.4634443,-35.0354858],[173.4634443,-35.0354858]]]},\"geometry_name\":\"loc\",\"properties\":{\"project\":\"Paranui Swamp Forest\",\"project_id\":314,\"track\":\"Privet D&F\",\"start_time\":\"2026-08-09T22:02:58\",\"end_time\":\"2026-08-10T00:02:11\",\"activity\":\"\",\"notes\":\"\"},\"bbox\":[173.4631904,-35.0358234,173.4638392,-35.035374]},{\"type\":\"Feature\",\"id\":\"default-project-tracks.19160\",\"geometry\":{\"type\":\"MultiLineString\",\"coordinates\":[[[173.4712762,-35.04035],[173.4712762,-35.04035],[173.4712361,-35.0403352],[173.4712361,-35.0403352],[173.4712124,-35.0403151],[173.4712124,-35.0403151],[173.4711772,-35.0403184],[173.4711772,-35.0403184],[173.4711569,-35.0403432],[173.4711569,-35.0403432],[173.4711374,-35.0403655],[173.4711374,-35.0403655],[173.4711005,-35.0403711],[173.4711005,-35.0403711],[173.4710781,-35.0403923],[173.4710781,-35.0403923],[173.4710488,-35.0404116],[173.4710488,-35.0404116],[173.4710186,-35.0404282],[173.4710186,-35.0404282],[173.4710441,-35.0404462],[173.4710441,-35.0404462],[173.4710581,-35.040474],[173.4710581,-35.040474],[173.4710647,-35.0405009],[173.4710647,-35.0405009],[173.4710897,-35.0405234],[173.4710897,-35.0405234],[173.4711126,-35.0405488],[173.4711126,-35.0405488],[173.471146,-35.0405719],[173.471146,-35.0405719],[173.471169,-35.0405927],[173.471169,-35.0405927],[173.4711531,-35.0406169],[173.4711531,-35.0406169],[173.4711161,-35.0406287],[173.4711161,-35.0406287],[173.4710795,-35.0406358],[173.4710795,-35.0406358],[173.4710448,-35.040653],[173.4710448,-35.040653],[173.4710775,-35.0406702],[173.4710775,-35.0406702],[173.4711163,-35.0406832],[173.4711163,-35.0406832],[173.4711423,-35.0407062],[173.4711423,-35.0407062],[173.4711341,-35.0407368],[173.4711341,-35.0407368],[173.4711026,-35.0407529],[173.4711026,-35.0407529],[173.4710705,-35.0407689],[173.4710705,-35.0407689],[173.4710987,-35.0407923],[173.4710987,-35.0407923],[173.4711332,-35.0407883],[173.4711332,-35.0407883],[173.4711642,-35.0407745],[173.4711642,-35.0407745],[173.4711932,-35.04076],[173.4711932,-35.04076],[173.4712082,-35.0407344],[173.4712082,-35.0407344],[173.4712299,-35.0407128],[173.4712299,-35.0407128],[173.4712181,-35.0406836],[173.4712181,-35.0406836],[173.4712021,-35.0406567],[173.4712021,-35.0406567],[173.4711771,-35.0406365],[173.4711771,-35.0406365],[173.4711835,-35.0405882],[173.4711835,-35.0405882],[173.4712036,-35.0405522],[173.4712036,-35.0405522],[173.4712396,-35.0405248],[173.4712396,-35.0405248],[173.4712621,-35.0405008],[173.4712621,-35.0405008],[173.4712902,-35.0404769],[173.4712902,-35.0404769],[173.4713241,-35.0404602],[173.4713241,-35.0404602],[173.4713463,-35.04044],[173.4713463,-35.04044],[173.471374,-35.0404221],[173.471374,-35.0404221],[173.4714075,-35.0404037],[173.4714075,-35.0404037],[173.4714428,-35.0403894],[173.4714428,-35.0403894],[173.4714731,-35.0404016],[173.4714731,-35.0404016],[173.4715062,-35.0404177],[173.4715062,-35.0404177],[173.4715375,-35.0404051],[173.4715375,-35.0404051]]]},\"geometry_name\":\"loc\",\"properties\":{\"project\":\"Paranui Swamp Forest\",\"project_id\":314,\"track\":\"Jasmine scout \",\"start_time\":\"2026-08-30T22:15:03\",\"end_time\":\"2026-08-30T22:20:45\",\"activity\":\"\",\"notes\":\"\"},\"bbox\":[173.4710186,-35.0407923,173.4715375,-35.0403151]}],\"totalFeatures\":10,\"numberMatched\":10,\"numberReturned\":10,\"timeStamp\":\"2026-09-10T22:39:55.491Z\",\"crs\":{\"type\":\"name\",\"properties\":{\"name\":\"urn:ogc:def:crs:EPSG::4326\"}},\"bbox\":[173.4631904,-35.0407923,173.4715375,-35.0353538]}","project":"Paranui Swamp Forest","project_id":314,"start_time":"2026-01-29T00:59:50.000","track":"Trad patch 3"},"type":"Feature"},{"bbox":[173.46319,-35.035823,173.463839,-35.035374],"geometry":{"coordinates":[[[173.463586,-35.035587],[173.463586,-35.035587],[173.463576,-35.03559],[173.463576,-35.03559],[173.463559,-35.0356],[173.463559,-35.0356],[173.463553,-35.035567],[173.463553,-35.035567],[173.463544,-35.035537],[173.463544,-35.035537],[173.46354,-35.035509],[173.46354,-35.035509],[173.463557,-35.035495],[173.463557,-35.035495],[173.463545,-35.03547],[173.463545,-35.03547],[173.463512,-35.035474],[173.463512,-35.035474],[173.463537,-35.035446],[173.463537,-35.035446],[173.463501,-35.035452],[173.463501,-35.035452],[173.463517,-35.035451],[173.463517,-35.035451],[173.463484,-35.035447],[173.463484,-35.035447],[173.463474,-35.035418],[173.463474,-35.035418],[173.463464,-35.035392],[173.463464,-35.035392],[173.463434,-35.035381],[173.463434,-35.035381],[173.463469,-35.035391],[173.463469,-35.035391],[173.463438,-35.035401],[173.463438,-35.035401],[173.463418,-35.035424],[173.463418,-35.035424],[173.463432,-35.035418],[173.463432,-35.035418],[173.463404,-35.035434],[173.463404,-35.035434],[173.463419,-35.035424],[173.463419,-35.035424],[173.463419,-35.035417],[173.463419,-35.035417],[173.463388,-35.035407],[173.463388,-35.035407],[173.463371,-35.03542],[173.463371,-35.03542],[173.463342,-35.035398],[173.463342,-35.035398],[173.463359,-35.035374],[173.463359,-35.035374],[173.463339,-35.035397],[173.463339,-35.035397],[173.463318,-35.035419],[173.463318,-35.035419],[173.463312,-35.035435],[173.463312,-35.035435],[173.463282,-35.035423],[173.463282,-35.035423],[173.463273,-35.035421],[173.463273,-35.035421],[173.463255,-35.035398],[173.463255,-35.035398],[173.463224,-35.035387],[173.463224,-35.035387],[173.46319,-35.035382],[173.46319,-35.035382],[173.46322,-35.035394],[173.46322,-35.035394],[173.463216,-35.035422],[173.463216,-35.035422],[173.463192,-35.035429],[173.463192,-35.035429],[173.463223,-35.035438],[173.463223,-35.035438],[173.46325,-35.035454],[173.46325,-35.035454],[173.463284,-35.035457],[173.463284,-35.035457],[173.463315,-35.035444],[173.463315,-35.035444],[173.463342,-35.035427],[173.463342,-35.035427],[173.463374,-35.035422],[173.463374,-35.035422],[173.4634,-35.035442],[173.4634,-35.035442],[173.463425,-35.03546],[173.463425,-35.03546],[173.463456,-35.035473],[173.463456,-35.035473],[173.463487,-35.035485],[173.463487,-35.035485],[173.463492,-35.035484],[173.463492,-35.035484],[173.463491,-35.035511],[173.463491,-35.035511],[173.463524,-35.035524],[173.463524,-35.035524],[173.463516,-35.035546],[173.463516,-35.035546],[173.463545,-35.035532],[173.463545,-35.035532],[173.463555,-35.035562],[173.463555,-35.035562],[173.463542,-35.035554],[173.463542,-35.035554],[173.463553,-35.035549],[173.463553,-35.035549],[173.463553,-35.035549],[173.463553,-35.035549],[173.463553,-35.035549],[173.463553,-35.035549],[173.463553,-35.035549],[173.463553,-35.035549],[173.463553,-35.035549],[173.463553,-35.035549],[173.463553,-35.035549],[173.463553,-35.035549],[173.463553,-35.035549],[173.463553,-35.035549],[173.463553,-35.035549],[173.463553,-35.035549],[173.463586,-35.035561],[173.463586,-35.035561],[173.463617,-35.035569],[173.463617,-35.035569],[173.463629,-35.035574],[173.463629,-35.035574],[173.463653,-35.035555],[173.463653,-35.035555],[173.463658,-35.035526],[173.463658,-35.035526],[173.463643,-35.035502],[173.463643,-35.035502],[173.463629,-35.035494],[173.463629,-35.035494],[173.463596,-35.035492],[173.463596,-35.035492],[173.463617,-35.035516],[173.463617,-35.035516],[173.463634,-35.035539],[173.463634,-35.035539],[173.463665,-35.035555],[173.463665,-35.035555],[173.4637,-35.035556],[173.4637,-35.035556],[173.463669,-35.035573],[173.463669,-35.035573],[173.463657,-35.035599],[173.463657,-35.035599],[173.463662,-35.035628],[173.463662,-35.035628],[173.463626,-35.035615],[173.463626,-35.035615],[173.463662,-35.035626],[173.463662,-35.035626],[173.463696,-35.035631],[173.463696,-35.035631],[173.463673,-35.035651],[173.463673,-35.035651],[173.463662,-35.035678],[173.463662,-35.035678],[173.463668,-35.035694],[173.463668,-35.035694],[173.463701,-35.035698],[173.463701,-35.035698],[173.463707,-35.035725],[173.463707,-35.035725],[173.463723,-35.03574],[173.463723,-35.03574],[173.463719,-35.035769],[173.463719,-35.035769],[173.463745,-35.035785],[173.463745,-35.035785],[173.463761,-35.035761],[173.463761,-35.035761],[173.463762,-35.035794],[173.463762,-35.035794],[173.463757,-35.0358],[173.463757,-35.0358],[173.463774,-35.035811],[173.463774,-35.035811],[173.46381,-35.035823],[173.46381,-35.035823],[173.463828,-35.035801],[173.463828,-35.035801],[173.463828,-35.035797],[173.463828,-35.035797],[173.463839,-35.035796],[173.463839,-35.035796],[173.463821,-35.035774],[173.463821,-35.035774],[173.463794,-35.035756],[173.463794,-35.035756],[173.463781,-35.03573],[173.463781,-35.03573],[173.46379,-35.035704],[173.46379,-35.035704],[173.463815,-35.035686],[173.463815,-35.035686],[173.463812,-35.035705],[173.463812,-35.035705],[173.463795,-35.035729],[173.463795,-35.035729],[173.463805,-35.035702],[173.463805,-35.035702],[173.463822,-35.035678],[173.463822,-35.035678],[173.463794,-35.035677],[173.463794,-35.035677],[173.463781,-35.035652],[173.463781,-35.035652],[173.463748,-35.035651],[173.463748,-35.035651],[173.463717,-35.035666],[173.463717,-35.035666],[173.463685,-35.035654],[173.463685,-35.035654],[173.463652,-35.03566],[173.463652,-35.03566],[173.463624,-35.035644],[173.463624,-35.035644],[173.463605,-35.035666],[173.463605,-35.035666],[173.463612,-35.035693],[173.463612,-35.035693],[173.463617,-35.035696],[173.463617,-35.035696],[173.46362,-35.035723],[173.46362,-35.035723],[173.463632,-35.035696],[173.463632,-35.035696],[173.463602,-35.035683],[173.463602,-35.035683],[173.46359,-35.035683],[173.46359,-35.035683],[173.463578,-35.035709],[173.463578,-35.035709],[173.463574,-35.035719],[173.463574,-35.035719],[173.463592,-35.035694],[173.463592,-35.035694],[173.463578,-35.035669],[173.463578,-35.035669],[173.463544,-35.035661],[173.463544,-35.035661],[173.463525,-35.035669],[173.463525,-35.035669],[173.463556,-35.035659],[173.463556,-35.035659],[173.463525,-35.035647],[173.463525,-35.035647],[173.463491,-35.035644],[173.463491,-35.035644],[173.463486,-35.035644],[173.463486,-35.035644],[173.463486,-35.035644],[173.463486,-35.035644],[173.463496,-35.035617],[173.463496,-35.035617],[173.463465,-35.035604],[173.463465,-35.035604],[173.463463,-35.035577],[173.463463,-35.035577],[173.463452,-35.035604],[173.463452,-35.035604],[173.463448,-35.035631],[173.463448,-35.035631],[173.463456,-35.035644],[173.463456,-35.035644],[173.463456,-35.035644],[173.463456,-35.035644],[173.463463,-35.035617],[173.463463,-35.035617],[173.463471,-35.035591],[173.463471,-35.035591],[173.463479,-35.035563],[173.463479,-35.035563],[173.463475,-35.035536],[173.463475,-35.035536],[173.46346,-35.03551],[173.46346,-35.03551],[173.463444,-35.035486],[173.463444,-35.035486]]],"type":"MultiLineString"},"id":10,"properties":{"activity":"","end_time":"2026-08-10T00:02:11.000","id":"default-project-tracks.18635","layer":"Weedmanager - Project 314 - default-project-tracks","notes":"","path":"{\"type\":\"FeatureCollection\",\"features\":[{\"type\":\"Feature\",\"id\":\"default-project-tracks.11996\",\"geometry\":{\"type\":\"MultiLineString\",\"coordinates\":[[[173.4671761,-35.0364685],[173.4671422,-35.0364732],[173.4671082,-35.0364746],[173.4670676,-35.0364745],[173.4670365,-35.0364909],[173.4670296,-35.0365219],[173.4670249,-35.0365511],[173.4670341,-35.0365825],[173.4670678,-35.0365998],[173.4671025,-35.0366162],[173.4671156,-35.036645],[173.4671233,-35.0366729],[173.4671112,-35.0366997],[173.4671063,-35.0367277],[173.4670829,-35.0367486],[173.4670864,-35.036777],[173.4671023,-35.0368013],[173.4671307,-35.0368156],[173.4671476,-35.0368412],[173.4671715,-35.0368606],[173.467191,-35.0368846],[173.4672529,-35.0368966],[173.4672846,-35.0369072],[173.4673217,-35.0369365],[173.4673569,-35.0369365],[173.4673865,-35.0369243],[173.4674268,-35.036919],[173.4674723,-35.0369303]]]},\"geometry_name\":\"loc\",\"properties\":{\"project\":\"Paranui Swamp Forest\",\"project_id\":314,\"track\":\"Trad patch 1\",\"start_time\":\"2026-01-28T22:47:38\",\"end_time\":\"2026-01-28T22:52:03\",\"activity\":\"\",\"notes\":\"\"},\"bbox\":[173.4670249,-35.0369365,173.4674723,-35.0364685]},{\"type\":\"Feature\",\"id\":\"default-project-tracks.11997\",\"geometry\":{\"type\":\"MultiLineString\",\"coordinates\":[[[173.4671761,-35.0364685],[173.4671422,-35.0364732],[173.4671082,-35.0364746],[173.4670676,-35.0364745],[173.4670365,-35.0364909],[173.4670296,-35.0365219],[173.4670249,-35.0365511],[173.4670341,-35.0365825],[173.4670678,-35.0365998],[173.4671025,-35.0366162],[173.4671156,-35.036645],[173.4671233,-35.0366729],[173.4671112,-35.0366997],[173.4671063,-35.0367277],[173.4670829,-35.0367486],[173.4670864,-35.036777],[173.4671023,-35.0368013],[173.4671307,-35.0368156],[173.4671476,-35.0368412],[173.4671715,-35.0368606],[173.467191,-35.0368846],[173.4672529,-35.0368966],[173.4672846,-35.0369072],[173.4673217,-35.0369365],[173.4673569,-35.0369365],[173.4673865,-35.0369243],[173.4674268,-35.036919],[173.4674723,-35.0369303]]]},\"geometry_name\":\"loc\",\"properties\":{\"project\":\"Paranui Swamp Forest\",\"project_id\":314,\"track\":\"Trad patch 1\",\"start_time\":\"2026-01-28T22:47:38\",\"end_time\":\"2026-01-28T22:52:03\",\"activity\":\"\",\"notes\":\"\"},\"bbox\":[173.4670249,-35.0369365,173.4674723,-35.0364685]},{\"type\":\"Feature\",\"id\":\"default-project-tracks.12004\",\"geometry\":{\"type\":\"MultiLineString\",\"coordinates\":[[[173.4668953,-35.0361526],[173.4668617,-35.0361653],[173.4668709,-35.0361995],[173.4668781,-35.0362292],[173.4669054,-35.0362472],[173.4669377,-35.0362559],[173.4669614,-35.0362747],[173.4669632,-35.0363049],[173.4669397,-35.0363271],[173.4669478,-35.0363555],[173.4669516,-35.0363858],[173.466949,-35.0364197],[173.4669221,-35.0364398],[173.4668929,-35.0364529],[173.4668632,-35.0364722],[173.4668288,-35.036408],[173.4668094,-35.0363809],[173.4667794,-35.0363671],[173.4667509,-35.0363535],[173.4667374,-35.0363265],[173.4667374,-35.0363267],[173.4667374,-35.0363267],[173.4667364,-35.0363282],[173.466737,-35.0363282],[173.4667103,-35.0363087],[173.4667017,-35.0362821],[173.4666679,-35.0362768],[173.4666449,-35.0362553],[173.4666122,-35.0362496],[173.4665825,-35.0362276],[173.4665642,-35.0362048],[173.4665498,-35.0361769],[173.4665227,-35.0361555],[173.4664885,-35.0361599],[173.4664609,-35.0361425],[173.4664198,-35.0361099],[173.466424,-35.0360828],[173.4664542,-35.03607],[173.4664872,-35.0360668],[173.4665352,-35.0360397],[173.4665352,-35.0360397],[173.4665352,-35.0360397],[173.4665172,-35.0360114],[173.466489,-35.0359941],[173.4664758,-35.0359672],[173.4664864,-35.0359394],[173.4664663,-35.0358893],[173.466467,-35.035848],[173.4664987,-35.035859]]]},\"geometry_name\":\"loc\",\"properties\":{\"project\":\"Paranui Swamp Forest\",\"project_id\":314,\"track\":\"Trad patch 2\",\"start_time\":\"2026-01-28T23:14:26\",\"end_time\":\"2026-01-28T23:25:19\",\"activity\":\"\",\"notes\":\"\"},\"bbox\":[173.4664198,-35.0364722,173.4669632,-35.035848]},{\"type\":\"Feature\",\"id\":\"default-project-tracks.12005\",\"geometry\":{\"type\":\"MultiLineString\",\"coordinates\":[[[173.4668953,-35.0361526],[173.4668617,-35.0361653],[173.4668709,-35.0361995],[173.4668781,-35.0362292],[173.4669054,-35.0362472],[173.4669377,-35.0362559],[173.4669614,-35.0362747],[173.4669632,-35.0363049],[173.4669397,-35.0363271],[173.4669478,-35.0363555],[173.4669516,-35.0363858],[173.466949,-35.0364197],[173.4669221,-35.0364398],[173.4668929,-35.0364529],[173.4668632,-35.0364722],[173.4668288,-35.036408],[173.4668094,-35.0363809],[173.4667794,-35.0363671],[173.4667509,-35.0363535],[173.4667374,-35.0363265],[173.4667374,-35.0363267],[173.4667374,-35.0363267],[173.4667364,-35.0363282],[173.466737,-35.0363282],[173.4667103,-35.0363087],[173.4667017,-35.0362821],[173.4666679,-35.0362768],[173.4666449,-35.0362553],[173.4666122,-35.0362496],[173.4665825,-35.0362276],[173.4665642,-35.0362048],[173.4665498,-35.0361769],[173.4665227,-35.0361555],[173.4664885,-35.0361599],[173.4664609,-35.0361425],[173.4664198,-35.0361099],[173.466424,-35.0360828],[173.4664542,-35.03607],[173.4664872,-35.0360668],[173.4665352,-35.0360397],[173.4665352,-35.0360397],[173.4665352,-35.0360397],[173.4665172,-35.0360114],[173.466489,-35.0359941],[173.4664758,-35.0359672],[173.4664864,-35.0359394],[173.4664663,-35.0358893],[173.466467,-35.035848],[173.4664987,-35.035859]]]},\"geometry_name\":\"loc\",\"properties\":{\"project\":\"Paranui Swamp Forest\",\"project_id\":314,\"track\":\"Trad patch 2\",\"start_time\":\"2026-01-28T23:14:26\",\"end_time\":\"2026-01-28T23:25:19\",\"activity\":\"\",\"notes\":\"\"},\"bbox\":[173.4664198,-35.0364722,173.4669632,-35.035848]},{\"type\":\"Feature\",\"id\":\"default-project-tracks.12046\",\"geometry\":{\"type\":\"MultiLineString\",\"coordinates\":[[[173.4659375,-35.035513],[173.4659693,-35.0355483],[173.465949,-35.0355767],[173.4659138,-35.0355773],[173.4658768,-35.035553],[173.4658495,-35.0355371],[173.4658549,-35.0355049],[173.4658027,-35.0354828],[173.46577,-35.0355065],[173.4657306,-35.0355106],[173.4657034,-35.0355331],[173.4656677,-35.0355164],[173.4656537,-35.0354919],[173.465615,-35.0355014],[173.465571,-35.0355051],[173.4655413,-35.03554],[173.4655042,-35.0355631],[173.4654739,-35.0355818],[173.4654321,-35.0355859],[173.4654548,-35.0355633],[173.4654712,-35.0355298],[173.4655145,-35.0355182],[173.4654887,-35.0354955],[173.4655273,-35.0354897],[173.4655426,-35.0355154],[173.4655294,-35.035473],[173.4655781,-35.0354683],[173.4656151,-35.0354679],[173.4656476,-35.035457],[173.465673,-35.0354348],[173.4656752,-35.0354735],[173.4657233,-35.0354651],[173.4657285,-35.0354311],[173.465738,-35.0354022],[173.4657671,-35.0353876],[173.4657821,-35.0353538],[173.4658223,-35.0353634],[173.4658381,-35.0353943],[173.4658491,-35.0354201],[173.4658828,-35.0354337],[173.4659256,-35.035446],[173.4659577,-35.0354604],[173.4659713,-35.0354927]]]},\"geometry_name\":\"loc\",\"properties\":{\"project\":\"Paranui Swamp Forest\",\"project_id\":314,\"track\":\"Trad patch 3\",\"start_time\":\"2026-01-29T00:59:50\",\"end_time\":\"2026-01-29T01:10:42\",\"activity\":\"\",\"notes\":\"\"},\"bbox\":[173.4654321,-35.0355859,173.4659713,-35.0353538]},{\"type\":\"Feature\",\"id\":\"default-project-tracks.12047\",\"geometry\":{\"type\":\"MultiLineString\",\"coordinates\":[[[173.4659375,-35.035513],[173.4659693,-35.0355483],[173.465949,-35.0355767],[173.4659138,-35.0355773],[173.4658768,-35.035553],[173.4658495,-35.0355371],[173.4658549,-35.0355049],[173.4658027,-35.0354828],[173.46577,-35.0355065],[173.4657306,-35.0355106],[173.4657034,-35.0355331],[173.4656677,-35.0355164],[173.4656537,-35.0354919],[173.465615,-35.0355014],[173.465571,-35.0355051],[173.4655413,-35.03554],[173.4655042,-35.0355631],[173.4654739,-35.0355818],[173.4654321,-35.0355859],[173.4654548,-35.0355633],[173.4654712,-35.0355298],[173.4655145,-35.0355182],[173.4654887,-35.0354955],[173.4655273,-35.0354897],[173.4655426,-35.0355154],[173.4655294,-35.035473],[173.4655781,-35.0354683],[173.4656151,-35.0354679],[173.4656476,-35.035457],[173.465673,-35.0354348],[173.4656752,-35.0354735],[173.4657233,-35.0354651],[173.4657285,-35.0354311],[173.465738,-35.0354022],[173.4657671,-35.0353876],[173.4657821,-35.0353538],[173.4658223,-35.0353634],[173.4658381,-35.0353943],[173.4658491,-35.0354201],[173.4658828,-35.0354337],[173.4659256,-35.035446],[173.4659577,-35.0354604],[173.4659713,-35.0354927]]]},\"geometry_name\":\"loc\",\"properties\":{\"project\":\"Paranui Swamp Forest\",\"project_id\":314,\"track\":\"Trad patch 3\",\"start_time\":\"2026-01-29T00:59:50\",\"end_time\":\"2026-01-29T01:10:42\",\"activity\":\"\",\"notes\":\"\"},\"bbox\":[173.4654321,-35.0355859,173.4659713,-35.0353538]},{\"type\":\"Feature\",\"id\":\"default-project-tracks.12132\",\"geometry\":{\"type\":\"MultiLineString\",\"coordinates\":[[[173.4659375,-35.035513],[173.4659693,-35.0355483],[173.465949,-35.0355767],[173.4659138,-35.0355773],[173.4658768,-35.035553],[173.4658495,-35.0355371],[173.4658549,-35.0355049],[173.4658027,-35.0354828],[173.46577,-35.0355065],[173.4657306,-35.0355106],[173.4657034,-35.0355331],[173.4656677,-35.0355164],[173.4656537,-35.0354919],[173.465615,-35.0355014],[173.465571,-35.0355051],[173.4655413,-35.03554],[173.4655042,-35.0355631],[173.4654739,-35.0355818],[173.4654321,-35.0355859],[173.4654548,-35.0355633],[173.4654712,-35.0355298],[173.4655145,-35.0355182],[173.4654887,-35.0354955],[173.4655273,-35.0354897],[173.4655426,-35.0355154],[173.4655294,-35.035473],[173.4655781,-35.0354683],[173.4656151,-35.0354679],[173.4656476,-35.035457],[173.465673,-35.0354348],[173.4656752,-35.0354735],[173.4657233,-35.0354651],[173.4657285,-35.0354311],[173.465738,-35.0354022],[173.4657671,-35.0353876],[173.4657821,-35.0353538],[173.4658223,-35.0353634],[173.4658381,-35.0353943],[173.4658491,-35.0354201],[173.4658828,-35.0354337],[173.4659256,-35.035446],[173.4659577,-35.0354604],[173.4659713,-35.0354927]]]},\"geometry_name\":\"loc\",\"properties\":{\"project\":\"Paranui Swamp Forest\",\"project_id\":314,\"track\":\"Trad patch 3\",\"start_time\":\"2026-01-29T00:59:50\",\"end_time\":\"2026-01-29T01:10:42\",\"activity\":\"\",\"notes\":\"\"},\"bbox\":[173.4654321,-35.0355859,173.4659713,-35.0353538]},{\"type\":\"Feature\",\"id\":\"default-project-tracks.12133\",\"geometry\":{\"type\":\"MultiLineString\",\"coordinates\":[[[173.4659375,-35.035513],[173.4659693,-35.0355483],[173.465949,-35.0355767],[173.4659138,-35.0355773],[173.4658768,-35.035553],[173.4658495,-35.0355371],[173.4658549,-35.0355049],[173.4658027,-35.0354828],[173.46577,-35.0355065],[173.4657306,-35.0355106],[173.4657034,-35.0355331],[173.4656677,-35.0355164],[173.4656537,-35.0354919],[173.465615,-35.0355014],[173.465571,-35.0355051],[173.4655413,-35.03554],[173.4655042,-35.0355631],[173.4654739,-35.0355818],[173.4654321,-35.0355859],[173.4654548,-35.0355633],[173.4654712,-35.0355298],[173.4655145,-35.0355182],[173.4654887,-35.0354955],[173.4655273,-35.0354897],[173.4655426,-35.0355154],[173.4655294,-35.035473],[173.4655781,-35.0354683],[173.4656151,-35.0354679],[173.4656476,-35.035457],[173.465673,-35.0354348],[173.4656752,-35.0354735],[173.4657233,-35.0354651],[173.4657285,-35.0354311],[173.465738,-35.0354022],[173.4657671,-35.0353876],[173.4657821,-35.0353538],[173.4658223,-35.0353634],[173.4658381,-35.0353943],[173.4658491,-35.0354201],[173.4658828,-35.0354337],[173.4659256,-35.035446],[173.4659577,-35.0354604],[173.4659713,-35.0354927]]]},\"geometry_name\":\"loc\",\"properties\":{\"project\":\"Paranui Swamp Forest\",\"project_id\":314,\"track\":\"Trad patch 3\",\"start_time\":\"2026-01-29T00:59:50\",\"end_time\":\"2026-01-29T01:10:42\",\"activity\":\"\",\"notes\":\"\"},\"bbox\":[173.4654321,-35.0355859,173.4659713,-35.0353538]},{\"type\":\"Feature\",\"id\":\"default-project-tracks.18635\",\"geometry\":{\"type\":\"MultiLineString\",\"coordinates\":[[[173.4635861,-35.0355865],[173.4635861,-35.0355865],[173.4635763,-35.0355896],[173.4635763,-35.0355896],[173.4635589,-35.0355995],[173.4635589,-35.0355995],[173.463553,-35.0355666],[173.463553,-35.0355666],[173.4635439,-35.0355367],[173.4635439,-35.0355367],[173.4635402,-35.0355089],[173.4635402,-35.0355089],[173.4635572,-35.035495],[173.4635572,-35.035495],[173.4635447,-35.0354696],[173.4635447,-35.0354696],[173.4635122,-35.0354737],[173.4635122,-35.0354737],[173.4635374,-35.035446],[173.4635374,-35.035446],[173.4635009,-35.0354515],[173.4635009,-35.0354515],[173.4635174,-35.0354507],[173.4635174,-35.0354507],[173.463484,-35.0354473],[173.463484,-35.0354473],[173.4634743,-35.035418],[173.4634743,-35.035418],[173.4634643,-35.035392],[173.4634643,-35.035392],[173.4634343,-35.0353807],[173.4634343,-35.0353807],[173.4634686,-35.0353911],[173.4634686,-35.0353911],[173.4634376,-35.0354009],[173.4634376,-35.0354009],[173.463418,-35.0354235],[173.463418,-35.0354235],[173.4634319,-35.0354181],[173.4634319,-35.0354181],[173.463404,-35.0354336],[173.463404,-35.0354336],[173.463419,-35.0354243],[173.463419,-35.0354243],[173.4634187,-35.0354174],[173.4634187,-35.0354174],[173.4633875,-35.0354072],[173.4633875,-35.0354072],[173.463371,-35.0354202],[173.463371,-35.0354202],[173.4633417,-35.0353976],[173.4633417,-35.0353976],[173.4633588,-35.035374],[173.4633588,-35.035374],[173.4633385,-35.0353966],[173.4633385,-35.0353966],[173.4633176,-35.0354187],[173.4633176,-35.0354187],[173.4633119,-35.0354345],[173.4633119,-35.0354345],[173.4632816,-35.0354234],[173.4632816,-35.0354234],[173.463273,-35.0354209],[173.463273,-35.0354209],[173.4632545,-35.0353984],[173.4632545,-35.0353984],[173.4632237,-35.0353874],[173.4632237,-35.0353874],[173.4631904,-35.0353815],[173.4631904,-35.0353815],[173.4632203,-35.0353944],[173.4632203,-35.0353944],[173.4632164,-35.0354219],[173.4632164,-35.0354219],[173.4631921,-35.0354286],[173.4631921,-35.0354286],[173.4632233,-35.0354384],[173.4632233,-35.0354384],[173.4632504,-35.035454],[173.4632504,-35.035454],[173.4632844,-35.0354573],[173.4632844,-35.0354573],[173.4633153,-35.0354444],[173.4633153,-35.0354444],[173.4633415,-35.0354271],[173.4633415,-35.0354271],[173.4633741,-35.0354217],[173.4633741,-35.0354217],[173.4633997,-35.0354417],[173.4633997,-35.0354417],[173.463425,-35.03546],[173.463425,-35.03546],[173.4634561,-35.0354731],[173.4634561,-35.0354731],[173.4634872,-35.0354851],[173.4634872,-35.0354851],[173.4634919,-35.035484],[173.4634919,-35.035484],[173.4634908,-35.0355112],[173.4634908,-35.0355112],[173.4635235,-35.0355243],[173.4635235,-35.0355243],[173.4635162,-35.0355464],[173.4635162,-35.0355464],[173.4635448,-35.0355323],[173.4635448,-35.0355323],[173.4635547,-35.0355621],[173.4635547,-35.0355621],[173.4635418,-35.0355544],[173.4635418,-35.0355544],[173.4635531,-35.0355494],[173.4635531,-35.0355494],[173.4635531,-35.0355494],[173.4635531,-35.0355494],[173.4635531,-35.0355493],[173.4635531,-35.0355493],[173.4635532,-35.0355493],[173.4635532,-35.0355493],[173.4635532,-35.0355493],[173.4635532,-35.0355493],[173.4635532,-35.0355493],[173.4635532,-35.0355493],[173.4635533,-35.0355493],[173.4635533,-35.0355493],[173.4635533,-35.0355493],[173.4635533,-35.0355493],[173.4635855,-35.0355606],[173.4635855,-35.0355606],[173.4636172,-35.0355694],[173.4636172,-35.0355694],[173.4636289,-35.0355742],[173.4636289,-35.0355742],[173.4636531,-35.0355552],[173.4636531,-35.0355552],[173.463658,-35.0355262],[173.463658,-35.0355262],[173.463643,-35.0355018],[173.463643,-35.0355018],[173.4636289,-35.0354938],[173.4636289,-35.0354938],[173.4635957,-35.0354921],[173.4635957,-35.0354921],[173.4636166,-35.0355162],[173.4636166,-35.0355162],[173.4636337,-35.0355393],[173.4636337,-35.0355393],[173.4636649,-35.035555],[173.4636649,-35.035555],[173.4637002,-35.035556],[173.4637002,-35.035556],[173.4636689,-35.0355728],[173.4636689,-35.0355728],[173.4636571,-35.0355989],[173.4636571,-35.0355989],[173.463662,-35.0356282],[173.463662,-35.0356282],[173.4636264,-35.0356147],[173.4636264,-35.0356147],[173.463662,-35.035626],[173.463662,-35.035626],[173.4636958,-35.0356309],[173.4636958,-35.0356309],[173.4636729,-35.035651],[173.4636729,-35.035651],[173.4636618,-35.0356778],[173.4636618,-35.0356778],[173.4636675,-35.0356944],[173.4636675,-35.0356944],[173.463701,-35.0356978],[173.463701,-35.0356978],[173.4637067,-35.0357248],[173.4637067,-35.0357248],[173.4637232,-35.0357395],[173.4637232,-35.0357395],[173.4637186,-35.0357689],[173.4637186,-35.0357689],[173.4637453,-35.0357851],[173.4637453,-35.0357851],[173.4637609,-35.0357611],[173.4637609,-35.0357611],[173.4637622,-35.035794],[173.4637622,-35.035794],[173.4637573,-35.0357995],[173.4637573,-35.0357995],[173.4637744,-35.0358114],[173.4637744,-35.0358114],[173.46381,-35.0358234],[173.46381,-35.0358234],[173.4638279,-35.0358007],[173.4638279,-35.0358007],[173.4638276,-35.0357973],[173.4638276,-35.0357973],[173.4638392,-35.0357964],[173.4638392,-35.0357964],[173.4638211,-35.0357738],[173.4638211,-35.0357738],[173.4637942,-35.0357558],[173.4637942,-35.0357558],[173.4637814,-35.0357304],[173.4637814,-35.0357304],[173.4637895,-35.0357037],[173.4637895,-35.0357037],[173.4638146,-35.0356859],[173.4638146,-35.0356859],[173.4638115,-35.0357051],[173.4638115,-35.0357051],[173.4637954,-35.0357287],[173.4637954,-35.0357287],[173.4638045,-35.035702],[173.4638045,-35.035702],[173.4638215,-35.0356777],[173.4638215,-35.0356777],[173.4637937,-35.0356773],[173.4637937,-35.0356773],[173.4637809,-35.0356519],[173.4637809,-35.0356519],[173.4637475,-35.0356508],[173.4637475,-35.0356508],[173.4637171,-35.035666],[173.4637171,-35.035666],[173.4636845,-35.0356541],[173.4636845,-35.0356541],[173.4636517,-35.0356598],[173.4636517,-35.0356598],[173.4636244,-35.0356444],[173.4636244,-35.0356444],[173.4636051,-35.0356663],[173.4636051,-35.0356663],[173.4636119,-35.0356928],[173.4636119,-35.0356928],[173.4636172,-35.0356957],[173.4636172,-35.0356957],[173.4636204,-35.0357227],[173.4636204,-35.0357227],[173.463632,-35.0356955],[173.463632,-35.0356955],[173.4636015,-35.0356834],[173.4636015,-35.0356834],[173.4635895,-35.0356833],[173.4635895,-35.0356833],[173.463578,-35.0357089],[173.463578,-35.0357089],[173.4635742,-35.0357185],[173.4635742,-35.0357185],[173.4635915,-35.0356943],[173.4635915,-35.0356943],[173.4635775,-35.0356692],[173.4635775,-35.0356692],[173.4635442,-35.0356606],[173.4635442,-35.0356606],[173.4635247,-35.0356689],[173.4635247,-35.0356689],[173.4635557,-35.035659],[173.4635557,-35.035659],[173.4635247,-35.0356474],[173.4635247,-35.0356474],[173.4634913,-35.0356442],[173.4634913,-35.0356442],[173.4634863,-35.0356435],[173.4634863,-35.0356435],[173.4634863,-35.0356435],[173.4634863,-35.0356435],[173.4634957,-35.0356172],[173.4634957,-35.0356172],[173.4634654,-35.0356044],[173.4634654,-35.0356044],[173.4634626,-35.0355774],[173.4634626,-35.0355774],[173.4634515,-35.0356039],[173.4634515,-35.0356039],[173.4634478,-35.035631],[173.4634478,-35.035631],[173.4634558,-35.0356436],[173.4634558,-35.0356436],[173.4634558,-35.0356436],[173.4634558,-35.0356436],[173.4634625,-35.0356168],[173.4634625,-35.0356168],[173.4634711,-35.0355905],[173.4634711,-35.0355905],[173.4634794,-35.035563],[173.4634794,-35.035563],[173.4634753,-35.0355359],[173.4634753,-35.0355359],[173.4634604,-35.0355097],[173.4634604,-35.0355097],[173.4634443,-35.0354858],[173.4634443,-35.0354858]]]},\"geometry_name\":\"loc\",\"properties\":{\"project\":\"Paranui Swamp Forest\",\"project_id\":314,\"track\":\"Privet D&F\",\"start_time\":\"2026-08-09T22:02:58\",\"end_time\":\"2026-08-10T00:02:11\",\"activity\":\"\",\"notes\":\"\"},\"bbox\":[173.4631904,-35.0358234,173.4638392,-35.035374]},{\"type\":\"Feature\",\"id\":\"default-project-tracks.19160\",\"geometry\":{\"type\":\"MultiLineString\",\"coordinates\":[[[173.4712762,-35.04035],[173.4712762,-35.04035],[173.4712361,-35.0403352],[173.4712361,-35.0403352],[173.4712124,-35.0403151],[173.4712124,-35.0403151],[173.4711772,-35.0403184],[173.4711772,-35.0403184],[173.4711569,-35.0403432],[173.4711569,-35.0403432],[173.4711374,-35.0403655],[173.4711374,-35.0403655],[173.4711005,-35.0403711],[173.4711005,-35.0403711],[173.4710781,-35.0403923],[173.4710781,-35.0403923],[173.4710488,-35.0404116],[173.4710488,-35.0404116],[173.4710186,-35.0404282],[173.4710186,-35.0404282],[173.4710441,-35.0404462],[173.4710441,-35.0404462],[173.4710581,-35.040474],[173.4710581,-35.040474],[173.4710647,-35.0405009],[173.4710647,-35.0405009],[173.4710897,-35.0405234],[173.4710897,-35.0405234],[173.4711126,-35.0405488],[173.4711126,-35.0405488],[173.471146,-35.0405719],[173.471146,-35.0405719],[173.471169,-35.0405927],[173.471169,-35.0405927],[173.4711531,-35.0406169],[173.4711531,-35.0406169],[173.4711161,-35.0406287],[173.4711161,-35.0406287],[173.4710795,-35.0406358],[173.4710795,-35.0406358],[173.4710448,-35.040653],[173.4710448,-35.040653],[173.4710775,-35.0406702],[173.4710775,-35.0406702],[173.4711163,-35.0406832],[173.4711163,-35.0406832],[173.4711423,-35.0407062],[173.4711423,-35.0407062],[173.4711341,-35.0407368],[173.4711341,-35.0407368],[173.4711026,-35.0407529],[173.4711026,-35.0407529],[173.4710705,-35.0407689],[173.4710705,-35.0407689],[173.4710987,-35.0407923],[173.4710987,-35.0407923],[173.4711332,-35.0407883],[173.4711332,-35.0407883],[173.4711642,-35.0407745],[173.4711642,-35.0407745],[173.4711932,-35.04076],[173.4711932,-35.04076],[173.4712082,-35.0407344],[173.4712082,-35.0407344],[173.4712299,-35.0407128],[173.4712299,-35.0407128],[173.4712181,-35.0406836],[173.4712181,-35.0406836],[173.4712021,-35.0406567],[173.4712021,-35.0406567],[173.4711771,-35.0406365],[173.4711771,-35.0406365],[173.4711835,-35.0405882],[173.4711835,-35.0405882],[173.4712036,-35.0405522],[173.4712036,-35.0405522],[173.4712396,-35.0405248],[173.4712396,-35.0405248],[173.4712621,-35.0405008],[173.4712621,-35.0405008],[173.4712902,-35.0404769],[173.4712902,-35.0404769],[173.4713241,-35.0404602],[173.4713241,-35.0404602],[173.4713463,-35.04044],[173.4713463,-35.04044],[173.471374,-35.0404221],[173.471374,-35.0404221],[173.4714075,-35.0404037],[173.4714075,-35.0404037],[173.4714428,-35.0403894],[173.4714428,-35.0403894],[173.4714731,-35.0404016],[173.4714731,-35.0404016],[173.4715062,-35.0404177],[173.4715062,-35.0404177],[173.4715375,-35.0404051],[173.4715375,-35.0404051]]]},\"geometry_name\":\"loc\",\"properties\":{\"project\":\"Paranui Swamp Forest\",\"project_id\":314,\"track\":\"Jasmine scout \",\"start_time\":\"2026-08-30T22:15:03\",\"end_time\":\"2026-08-30T22:20:45\",\"activity\":\"\",\"notes\":\"\"},\"bbox\":[173.4710186,-35.0407923,173.4715375,-35.0403151]}],\"totalFeatures\":10,\"numberMatched\":10,\"numberReturned\":10,\"timeStamp\":\"2026-09-10T22:39:55.491Z\",\"crs\":{\"type\":\"name\",\"properties\":{\"name\":\"urn:ogc:def:crs:EPSG::4326\"}},\"bbox\":[173.4631904,-35.0407923,173.4715375,-35.0353538]}","project":"Paranui Swamp Forest","project_id":314,"start_time":"2026-08-09T22:02:58.000","track":"Privet D&F"},"type":"Feature"},{"bbox":[173.471019,-35.040792,173.471538,-35.040315],"geometry":{"coordinates":[[[173.471276,-35.04035],[173.471276,-35.04035],[173.471236,-35.040335],[173.471236,-35.040335],[173.471212,-35.040315],[173.471212,-35.040315],[173.471177,-35.040318],[173.471177,-35.040318],[173.471157,-35.040343],[173.471157,-35.040343],[173.471137,-35.040366],[173.471137,-35.040366],[173.471101,-35.040371],[173.471101,-35.040371],[173.471078,-35.040392],[173.471078,-35.040392],[173.471049,-35.040412],[173.471049,-35.040412],[173.471019,-35.040428],[173.471019,-35.040428],[173.471044,-35.040446],[173.471044,-35.040446],[173.471058,-35.040474],[173.471058,-35.040474],[173.471065,-35.040501],[173.471065,-35.040501],[173.47109,-35.040523],[173.47109,-35.040523],[173.471113,-35.040549],[173.471113,-35.040549],[173.471146,-35.040572],[173.471146,-35.040572],[173.471169,-35.040593],[173.471169,-35.040593],[173.471153,-35.040617],[173.471153,-35.040617],[173.471116,-35.040629],[173.471116,-35.040629],[173.47108,-35.040636],[173.47108,-35.040636],[173.471045,-35.040653],[173.471045,-35.040653],[173.471078,-35.04067],[173.471078,-35.04067],[173.471116,-35.040683],[173.471116,-35.040683],[173.471142,-35.040706],[173.471142,-35.040706],[173.471134,-35.040737],[173.471134,-35.040737],[173.471103,-35.040753],[173.471103,-35.040753],[173.471071,-35.040769],[173.471071,-35.040769],[173.471099,-35.040792],[173.471099,-35.040792],[173.471133,-35.040788],[173.471133,-35.040788],[173.471164,-35.040775],[173.471164,-35.040775],[173.471193,-35.04076],[173.471193,-35.04076],[173.471208,-35.040734],[173.471208,-35.040734],[173.47123,-35.040713],[173.47123,-35.040713],[173.471218,-35.040684],[173.471218,-35.040684],[173.471202,-35.040657],[173.471202,-35.040657],[173.471177,-35.040637],[173.471177,-35.040637],[173.471184,-35.040588],[173.471184,-35.040588],[173.471204,-35.040552],[173.471204,-35.040552],[173.47124,-35.040525],[173.47124,-35.040525],[173.471262,-35.040501],[173.471262,-35.040501],[173.47129,-35.040477],[173.47129,-35.040477],[173.471324,-35.04046],[173.471324,-35.04046],[173.471346,-35.04044],[173.471346,-35.04044],[173.471374,-35.040422],[173.471374,-35.040422],[173.471408,-35.040404],[173.471408,-35.040404],[173.471443,-35.040389],[173.471443,-35.040389],[173.471473,-35.040402],[173.471473,-35.040402],[173.471506,-35.040418],[173.471506,-35.040418],[173.471538,-35.040405],[173.471538,-35.040405]]],"type":"MultiLineString"},"id":11,"properties":{"activity":"","end_time":"2026-08-30T22:20:45.000","id":"default-project-tracks.19160","layer":"Weedmanager - Project 314 - default-project-tracks","notes":"","path":"{\"type\":\"FeatureCollection\",\"features\":[{\"type\":\"Feature\",\"id\":\"default-project-tracks.11996\",\"geometry\":{\"type\":\"MultiLineString\",\"coordinates\":[[[173.4671761,-35.0364685],[173.4671422,-35.0364732],[173.4671082,-35.0364746],[173.4670676,-35.0364745],[173.4670365,-35.0364909],[173.4670296,-35.0365219],[173.4670249,-35.0365511],[173.4670341,-35.0365825],[173.4670678,-35.0365998],[173.4671025,-35.0366162],[173.4671156,-35.036645],[173.4671233,-35.0366729],[173.4671112,-35.0366997],[173.4671063,-35.0367277],[173.4670829,-35.0367486],[173.4670864,-35.036777],[173.4671023,-35.0368013],[173.4671307,-35.0368156],[173.4671476,-35.0368412],[173.4671715,-35.0368606],[173.467191,-35.0368846],[173.4672529,-35.0368966],[173.4672846,-35.0369072],[173.4673217,-35.0369365],[173.4673569,-35.0369365],[173.4673865,-35.0369243],[173.4674268,-35.036919],[173.4674723,-35.0369303]]]},\"geometry_name\":\"loc\",\"properties\":{\"project\":\"Paranui Swamp Forest\",\"project_id\":314,\"track\":\"Trad patch 1\",\"start_time\":\"2026-01-28T22:47:38\",\"end_time\":\"2026-01-28T22:52:03\",\"activity\":\"\",\"notes\":\"\"},\"bbox\":[173.4670249,-35.0369365,173.4674723,-35.0364685]},{\"type\":\"Feature\",\"id\":\"default-project-tracks.11997\",\"geometry\":{\"type\":\"MultiLineString\",\"coordinates\":[[[173.4671761,-35.0364685],[173.4671422,-35.0364732],[173.4671082,-35.0364746],[173.4670676,-35.0364745],[173.4670365,-35.0364909],[173.4670296,-35.0365219],[173.4670249,-35.0365511],[173.4670341,-35.0365825],[173.4670678,-35.0365998],[173.4671025,-35.0366162],[173.4671156,-35.036645],[173.4671233,-35.0366729],[173.4671112,-35.0366997],[173.4671063,-35.0367277],[173.4670829,-35.0367486],[173.4670864,-35.036777],[173.4671023,-35.0368013],[173.4671307,-35.0368156],[173.4671476,-35.0368412],[173.4671715,-35.0368606],[173.467191,-35.0368846],[173.4672529,-35.0368966],[173.4672846,-35.0369072],[173.4673217,-35.0369365],[173.4673569,-35.0369365],[173.4673865,-35.0369243],[173.4674268,-35.036919],[173.4674723,-35.0369303]]]},\"geometry_name\":\"loc\",\"properties\":{\"project\":\"Paranui Swamp Forest\",\"project_id\":314,\"track\":\"Trad patch 1\",\"start_time\":\"2026-01-28T22:47:38\",\"end_time\":\"2026-01-28T22:52:03\",\"activity\":\"\",\"notes\":\"\"},\"bbox\":[173.4670249,-35.0369365,173.4674723,-35.0364685]},{\"type\":\"Feature\",\"id\":\"default-project-tracks.12004\",\"geometry\":{\"type\":\"MultiLineString\",\"coordinates\":[[[173.4668953,-35.0361526],[173.4668617,-35.0361653],[173.4668709,-35.0361995],[173.4668781,-35.0362292],[173.4669054,-35.0362472],[173.4669377,-35.0362559],[173.4669614,-35.0362747],[173.4669632,-35.0363049],[173.4669397,-35.0363271],[173.4669478,-35.0363555],[173.4669516,-35.0363858],[173.466949,-35.0364197],[173.4669221,-35.0364398],[173.4668929,-35.0364529],[173.4668632,-35.0364722],[173.4668288,-35.036408],[173.4668094,-35.0363809],[173.4667794,-35.0363671],[173.4667509,-35.0363535],[173.4667374,-35.0363265],[173.4667374,-35.0363267],[173.4667374,-35.0363267],[173.4667364,-35.0363282],[173.466737,-35.0363282],[173.4667103,-35.0363087],[173.4667017,-35.0362821],[173.4666679,-35.0362768],[173.4666449,-35.0362553],[173.4666122,-35.0362496],[173.4665825,-35.0362276],[173.4665642,-35.0362048],[173.4665498,-35.0361769],[173.4665227,-35.0361555],[173.4664885,-35.0361599],[173.4664609,-35.0361425],[173.4664198,-35.0361099],[173.466424,-35.0360828],[173.4664542,-35.03607],[173.4664872,-35.0360668],[173.4665352,-35.0360397],[173.4665352,-35.0360397],[173.4665352,-35.0360397],[173.4665172,-35.0360114],[173.466489,-35.0359941],[173.4664758,-35.0359672],[173.4664864,-35.0359394],[173.4664663,-35.0358893],[173.466467,-35.035848],[173.4664987,-35.035859]]]},\"geometry_name\":\"loc\",\"properties\":{\"project\":\"Paranui Swamp Forest\",\"project_id\":314,\"track\":\"Trad patch 2\",\"start_time\":\"2026-01-28T23:14:26\",\"end_time\":\"2026-01-28T23:25:19\",\"activity\":\"\",\"notes\":\"\"},\"bbox\":[173.4664198,-35.0364722,173.4669632,-35.035848]},{\"type\":\"Feature\",\"id\":\"default-project-tracks.12005\",\"geometry\":{\"type\":\"MultiLineString\",\"coordinates\":[[[173.4668953,-35.0361526],[173.4668617,-35.0361653],[173.4668709,-35.0361995],[173.4668781,-35.0362292],[173.4669054,-35.0362472],[173.4669377,-35.0362559],[173.4669614,-35.0362747],[173.4669632,-35.0363049],[173.4669397,-35.0363271],[173.4669478,-35.0363555],[173.4669516,-35.0363858],[173.466949,-35.0364197],[173.4669221,-35.0364398],[173.4668929,-35.0364529],[173.4668632,-35.0364722],[173.4668288,-35.036408],[173.4668094,-35.0363809],[173.4667794,-35.0363671],[173.4667509,-35.0363535],[173.4667374,-35.0363265],[173.4667374,-35.0363267],[173.4667374,-35.0363267],[173.4667364,-35.0363282],[173.466737,-35.0363282],[173.4667103,-35.0363087],[173.4667017,-35.0362821],[173.4666679,-35.0362768],[173.4666449,-35.0362553],[173.4666122,-35.0362496],[173.4665825,-35.0362276],[173.4665642,-35.0362048],[173.4665498,-35.0361769],[173.4665227,-35.0361555],[173.4664885,-35.0361599],[173.4664609,-35.0361425],[173.4664198,-35.0361099],[173.466424,-35.0360828],[173.4664542,-35.03607],[173.4664872,-35.0360668],[173.4665352,-35.0360397],[173.4665352,-35.0360397],[173.4665352,-35.0360397],[173.4665172,-35.0360114],[173.466489,-35.0359941],[173.4664758,-35.0359672],[173.4664864,-35.0359394],[173.4664663,-35.0358893],[173.466467,-35.035848],[173.4664987,-35.035859]]]},\"geometry_name\":\"loc\",\"properties\":{\"project\":\"Paranui Swamp Forest\",\"project_id\":314,\"track\":\"Trad patch 2\",\"start_time\":\"2026-01-28T23:14:26\",\"end_time\":\"2026-01-28T23:25:19\",\"activity\":\"\",\"notes\":\"\"},\"bbox\":[173.4664198,-35.0364722,173.4669632,-35.035848]},{\"type\":\"Feature\",\"id\":\"default-project-tracks.12046\",\"geometry\":{\"type\":\"MultiLineString\",\"coordinates\":[[[173.4659375,-35.035513],[173.4659693,-35.0355483],[173.465949,-35.0355767],[173.4659138,-35.0355773],[173.4658768,-35.035553],[173.4658495,-35.0355371],[173.4658549,-35.0355049],[173.4658027,-35.0354828],[173.46577,-35.0355065],[173.4657306,-35.0355106],[173.4657034,-35.0355331],[173.4656677,-35.0355164],[173.4656537,-35.0354919],[173.465615,-35.0355014],[173.465571,-35.0355051],[173.4655413,-35.03554],[173.4655042,-35.0355631],[173.4654739,-35.0355818],[173.4654321,-35.0355859],[173.4654548,-35.0355633],[173.4654712,-35.0355298],[173.4655145,-35.0355182],[173.4654887,-35.0354955],[173.4655273,-35.0354897],[173.4655426,-35.0355154],[173.4655294,-35.035473],[173.4655781,-35.0354683],[173.4656151,-35.0354679],[173.4656476,-35.035457],[173.465673,-35.0354348],[173.4656752,-35.0354735],[173.4657233,-35.0354651],[173.4657285,-35.0354311],[173.465738,-35.0354022],[173.4657671,-35.0353876],[173.4657821,-35.0353538],[173.4658223,-35.0353634],[173.4658381,-35.0353943],[173.4658491,-35.0354201],[173.4658828,-35.0354337],[173.4659256,-35.035446],[173.4659577,-35.0354604],[173.4659713,-35.0354927]]]},\"geometry_name\":\"loc\",\"properties\":{\"project\":\"Paranui Swamp Forest\",\"project_id\":314,\"track\":\"Trad patch 3\",\"start_time\":\"2026-01-29T00:59:50\",\"end_time\":\"2026-01-29T01:10:42\",\"activity\":\"\",\"notes\":\"\"},\"bbox\":[173.4654321,-35.0355859,173.4659713,-35.0353538]},{\"type\":\"Feature\",\"id\":\"default-project-tracks.12047\",\"geometry\":{\"type\":\"MultiLineString\",\"coordinates\":[[[173.4659375,-35.035513],[173.4659693,-35.0355483],[173.465949,-35.0355767],[173.4659138,-35.0355773],[173.4658768,-35.035553],[173.4658495,-35.0355371],[173.4658549,-35.0355049],[173.4658027,-35.0354828],[173.46577,-35.0355065],[173.4657306,-35.0355106],[173.4657034,-35.0355331],[173.4656677,-35.0355164],[173.4656537,-35.0354919],[173.465615,-35.0355014],[173.465571,-35.0355051],[173.4655413,-35.03554],[173.4655042,-35.0355631],[173.4654739,-35.0355818],[173.4654321,-35.0355859],[173.4654548,-35.0355633],[173.4654712,-35.0355298],[173.4655145,-35.0355182],[173.4654887,-35.0354955],[173.4655273,-35.0354897],[173.4655426,-35.0355154],[173.4655294,-35.035473],[173.4655781,-35.0354683],[173.4656151,-35.0354679],[173.4656476,-35.035457],[173.465673,-35.0354348],[173.4656752,-35.0354735],[173.4657233,-35.0354651],[173.4657285,-35.0354311],[173.465738,-35.0354022],[173.4657671,-35.0353876],[173.4657821,-35.0353538],[173.4658223,-35.0353634],[173.4658381,-35.0353943],[173.4658491,-35.0354201],[173.4658828,-35.0354337],[173.4659256,-35.035446],[173.4659577,-35.0354604],[173.4659713,-35.0354927]]]},\"geometry_name\":\"loc\",\"properties\":{\"project\":\"Paranui Swamp Forest\",\"project_id\":314,\"track\":\"Trad patch 3\",\"start_time\":\"2026-01-29T00:59:50\",\"end_time\":\"2026-01-29T01:10:42\",\"activity\":\"\",\"notes\":\"\"},\"bbox\":[173.4654321,-35.0355859,173.4659713,-35.0353538]},{\"type\":\"Feature\",\"id\":\"default-project-tracks.12132\",\"geometry\":{\"type\":\"MultiLineString\",\"coordinates\":[[[173.4659375,-35.035513],[173.4659693,-35.0355483],[173.465949,-35.0355767],[173.4659138,-35.0355773],[173.4658768,-35.035553],[173.4658495,-35.0355371],[173.4658549,-35.0355049],[173.4658027,-35.0354828],[173.46577,-35.0355065],[173.4657306,-35.0355106],[173.4657034,-35.0355331],[173.4656677,-35.0355164],[173.4656537,-35.0354919],[173.465615,-35.0355014],[173.465571,-35.0355051],[173.4655413,-35.03554],[173.4655042,-35.0355631],[173.4654739,-35.0355818],[173.4654321,-35.0355859],[173.4654548,-35.0355633],[173.4654712,-35.0355298],[173.4655145,-35.0355182],[173.4654887,-35.0354955],[173.4655273,-35.0354897],[173.4655426,-35.0355154],[173.4655294,-35.035473],[173.4655781,-35.0354683],[173.4656151,-35.0354679],[173.4656476,-35.035457],[173.465673,-35.0354348],[173.4656752,-35.0354735],[173.4657233,-35.0354651],[173.4657285,-35.0354311],[173.465738,-35.0354022],[173.4657671,-35.0353876],[173.4657821,-35.0353538],[173.4658223,-35.0353634],[173.4658381,-35.0353943],[173.4658491,-35.0354201],[173.4658828,-35.0354337],[173.4659256,-35.035446],[173.4659577,-35.0354604],[173.4659713,-35.0354927]]]},\"geometry_name\":\"loc\",\"properties\":{\"project\":\"Paranui Swamp Forest\",\"project_id\":314,\"track\":\"Trad patch 3\",\"start_time\":\"2026-01-29T00:59:50\",\"end_time\":\"2026-01-29T01:10:42\",\"activity\":\"\",\"notes\":\"\"},\"bbox\":[173.4654321,-35.0355859,173.4659713,-35.0353538]},{\"type\":\"Feature\",\"id\":\"default-project-tracks.12133\",\"geometry\":{\"type\":\"MultiLineString\",\"coordinates\":[[[173.4659375,-35.035513],[173.4659693,-35.0355483],[173.465949,-35.0355767],[173.4659138,-35.0355773],[173.4658768,-35.035553],[173.4658495,-35.0355371],[173.4658549,-35.0355049],[173.4658027,-35.0354828],[173.46577,-35.0355065],[173.4657306,-35.0355106],[173.4657034,-35.0355331],[173.4656677,-35.0355164],[173.4656537,-35.0354919],[173.465615,-35.0355014],[173.465571,-35.0355051],[173.4655413,-35.03554],[173.4655042,-35.0355631],[173.4654739,-35.0355818],[173.4654321,-35.0355859],[173.4654548,-35.0355633],[173.4654712,-35.0355298],[173.4655145,-35.0355182],[173.4654887,-35.0354955],[173.4655273,-35.0354897],[173.4655426,-35.0355154],[173.4655294,-35.035473],[173.4655781,-35.0354683],[173.4656151,-35.0354679],[173.4656476,-35.035457],[173.465673,-35.0354348],[173.4656752,-35.0354735],[173.4657233,-35.0354651],[173.4657285,-35.0354311],[173.465738,-35.0354022],[173.4657671,-35.0353876],[173.4657821,-35.0353538],[173.4658223,-35.0353634],[173.4658381,-35.0353943],[173.4658491,-35.0354201],[173.4658828,-35.0354337],[173.4659256,-35.035446],[173.4659577,-35.0354604],[173.4659713,-35.0354927]]]},\"geometry_name\":\"loc\",\"properties\":{\"project\":\"Paranui Swamp Forest\",\"project_id\":314,\"track\":\"Trad patch 3\",\"start_time\":\"2026-01-29T00:59:50\",\"end_time\":\"2026-01-29T01:10:42\",\"activity\":\"\",\"notes\":\"\"},\"bbox\":[173.4654321,-35.0355859,173.4659713,-35.0353538]},{\"type\":\"Feature\",\"id\":\"default-project-tracks.18635\",\"geometry\":{\"type\":\"MultiLineString\",\"coordinates\":[[[173.4635861,-35.0355865],[173.4635861,-35.0355865],[173.4635763,-35.0355896],[173.4635763,-35.0355896],[173.4635589,-35.0355995],[173.4635589,-35.0355995],[173.463553,-35.0355666],[173.463553,-35.0355666],[173.4635439,-35.0355367],[173.4635439,-35.0355367],[173.4635402,-35.0355089],[173.4635402,-35.0355089],[173.4635572,-35.035495],[173.4635572,-35.035495],[173.4635447,-35.0354696],[173.4635447,-35.0354696],[173.4635122,-35.0354737],[173.4635122,-35.0354737],[173.4635374,-35.035446],[173.4635374,-35.035446],[173.4635009,-35.0354515],[173.4635009,-35.0354515],[173.4635174,-35.0354507],[173.4635174,-35.0354507],[173.463484,-35.0354473],[173.463484,-35.0354473],[173.4634743,-35.035418],[173.4634743,-35.035418],[173.4634643,-35.035392],[173.4634643,-35.035392],[173.4634343,-35.0353807],[173.4634343,-35.0353807],[173.4634686,-35.0353911],[173.4634686,-35.0353911],[173.4634376,-35.0354009],[173.4634376,-35.0354009],[173.463418,-35.0354235],[173.463418,-35.0354235],[173.4634319,-35.0354181],[173.4634319,-35.0354181],[173.463404,-35.0354336],[173.463404,-35.0354336],[173.463419,-35.0354243],[173.463419,-35.0354243],[173.4634187,-35.0354174],[173.4634187,-35.0354174],[173.4633875,-35.0354072],[173.4633875,-35.0354072],[173.463371,-35.0354202],[173.463371,-35.0354202],[173.4633417,-35.0353976],[173.4633417,-35.0353976],[173.4633588,-35.035374],[173.4633588,-35.035374],[173.4633385,-35.0353966],[173.4633385,-35.0353966],[173.4633176,-35.0354187],[173.4633176,-35.0354187],[173.4633119,-35.0354345],[173.4633119,-35.0354345],[173.4632816,-35.0354234],[173.4632816,-35.0354234],[173.463273,-35.0354209],[173.463273,-35.0354209],[173.4632545,-35.0353984],[173.4632545,-35.0353984],[173.4632237,-35.0353874],[173.4632237,-35.0353874],[173.4631904,-35.0353815],[173.4631904,-35.0353815],[173.4632203,-35.0353944],[173.4632203,-35.0353944],[173.4632164,-35.0354219],[173.4632164,-35.0354219],[173.4631921,-35.0354286],[173.4631921,-35.0354286],[173.4632233,-35.0354384],[173.4632233,-35.0354384],[173.4632504,-35.035454],[173.4632504,-35.035454],[173.4632844,-35.0354573],[173.4632844,-35.0354573],[173.4633153,-35.0354444],[173.4633153,-35.0354444],[173.4633415,-35.0354271],[173.4633415,-35.0354271],[173.4633741,-35.0354217],[173.4633741,-35.0354217],[173.4633997,-35.0354417],[173.4633997,-35.0354417],[173.463425,-35.03546],[173.463425,-35.03546],[173.4634561,-35.0354731],[173.4634561,-35.0354731],[173.4634872,-35.0354851],[173.4634872,-35.0354851],[173.4634919,-35.035484],[173.4634919,-35.035484],[173.4634908,-35.0355112],[173.4634908,-35.0355112],[173.4635235,-35.0355243],[173.4635235,-35.0355243],[173.4635162,-35.0355464],[173.4635162,-35.0355464],[173.4635448,-35.0355323],[173.4635448,-35.0355323],[173.4635547,-35.0355621],[173.4635547,-35.0355621],[173.4635418,-35.0355544],[173.4635418,-35.0355544],[173.4635531,-35.0355494],[173.4635531,-35.0355494],[173.4635531,-35.0355494],[173.4635531,-35.0355494],[173.4635531,-35.0355493],[173.4635531,-35.0355493],[173.4635532,-35.0355493],[173.4635532,-35.0355493],[173.4635532,-35.0355493],[173.4635532,-35.0355493],[173.4635532,-35.0355493],[173.4635532,-35.0355493],[173.4635533,-35.0355493],[173.4635533,-35.0355493],[173.4635533,-35.0355493],[173.4635533,-35.0355493],[173.4635855,-35.0355606],[173.4635855,-35.0355606],[173.4636172,-35.0355694],[173.4636172,-35.0355694],[173.4636289,-35.0355742],[173.4636289,-35.0355742],[173.4636531,-35.0355552],[173.4636531,-35.0355552],[173.463658,-35.0355262],[173.463658,-35.0355262],[173.463643,-35.0355018],[173.463643,-35.0355018],[173.4636289,-35.0354938],[173.4636289,-35.0354938],[173.4635957,-35.0354921],[173.4635957,-35.0354921],[173.4636166,-35.0355162],[173.4636166,-35.0355162],[173.4636337,-35.0355393],[173.4636337,-35.0355393],[173.4636649,-35.035555],[173.4636649,-35.035555],[173.4637002,-35.035556],[173.4637002,-35.035556],[173.4636689,-35.0355728],[173.4636689,-35.0355728],[173.4636571,-35.0355989],[173.4636571,-35.0355989],[173.463662,-35.0356282],[173.463662,-35.0356282],[173.4636264,-35.0356147],[173.4636264,-35.0356147],[173.463662,-35.035626],[173.463662,-35.035626],[173.4636958,-35.0356309],[173.4636958,-35.0356309],[173.4636729,-35.035651],[173.4636729,-35.035651],[173.4636618,-35.0356778],[173.4636618,-35.0356778],[173.4636675,-35.0356944],[173.4636675,-35.0356944],[173.463701,-35.0356978],[173.463701,-35.0356978],[173.4637067,-35.0357248],[173.4637067,-35.0357248],[173.4637232,-35.0357395],[173.4637232,-35.0357395],[173.4637186,-35.0357689],[173.4637186,-35.0357689],[173.4637453,-35.0357851],[173.4637453,-35.0357851],[173.4637609,-35.0357611],[173.4637609,-35.0357611],[173.4637622,-35.035794],[173.4637622,-35.035794],[173.4637573,-35.0357995],[173.4637573,-35.0357995],[173.4637744,-35.0358114],[173.4637744,-35.0358114],[173.46381,-35.0358234],[173.46381,-35.0358234],[173.4638279,-35.0358007],[173.4638279,-35.0358007],[173.4638276,-35.0357973],[173.4638276,-35.0357973],[173.4638392,-35.0357964],[173.4638392,-35.0357964],[173.4638211,-35.0357738],[173.4638211,-35.0357738],[173.4637942,-35.0357558],[173.4637942,-35.0357558],[173.4637814,-35.0357304],[173.4637814,-35.0357304],[173.4637895,-35.0357037],[173.4637895,-35.0357037],[173.4638146,-35.0356859],[173.4638146,-35.0356859],[173.4638115,-35.0357051],[173.4638115,-35.0357051],[173.4637954,-35.0357287],[173.4637954,-35.0357287],[173.4638045,-35.035702],[173.4638045,-35.035702],[173.4638215,-35.0356777],[173.4638215,-35.0356777],[173.4637937,-35.0356773],[173.4637937,-35.0356773],[173.4637809,-35.0356519],[173.4637809,-35.0356519],[173.4637475,-35.0356508],[173.4637475,-35.0356508],[173.4637171,-35.035666],[173.4637171,-35.035666],[173.4636845,-35.0356541],[173.4636845,-35.0356541],[173.4636517,-35.0356598],[173.4636517,-35.0356598],[173.4636244,-35.0356444],[173.4636244,-35.0356444],[173.4636051,-35.0356663],[173.4636051,-35.0356663],[173.4636119,-35.0356928],[173.4636119,-35.0356928],[173.4636172,-35.0356957],[173.4636172,-35.0356957],[173.4636204,-35.0357227],[173.4636204,-35.0357227],[173.463632,-35.0356955],[173.463632,-35.0356955],[173.4636015,-35.0356834],[173.4636015,-35.0356834],[173.4635895,-35.0356833],[173.4635895,-35.0356833],[173.463578,-35.0357089],[173.463578,-35.0357089],[173.4635742,-35.0357185],[173.4635742,-35.0357185],[173.4635915,-35.0356943],[173.4635915,-35.0356943],[173.4635775,-35.0356692],[173.4635775,-35.0356692],[173.4635442,-35.0356606],[173.4635442,-35.0356606],[173.4635247,-35.0356689],[173.4635247,-35.0356689],[173.4635557,-35.035659],[173.4635557,-35.035659],[173.4635247,-35.0356474],[173.4635247,-35.0356474],[173.4634913,-35.0356442],[173.4634913,-35.0356442],[173.4634863,-35.0356435],[173.4634863,-35.0356435],[173.4634863,-35.0356435],[173.4634863,-35.0356435],[173.4634957,-35.0356172],[173.4634957,-35.0356172],[173.4634654,-35.0356044],[173.4634654,-35.0356044],[173.4634626,-35.0355774],[173.4634626,-35.0355774],[173.4634515,-35.0356039],[173.4634515,-35.0356039],[173.4634478,-35.035631],[173.4634478,-35.035631],[173.4634558,-35.0356436],[173.4634558,-35.0356436],[173.4634558,-35.0356436],[173.4634558,-35.0356436],[173.4634625,-35.0356168],[173.4634625,-35.0356168],[173.4634711,-35.0355905],[173.4634711,-35.0355905],[173.4634794,-35.035563],[173.4634794,-35.035563],[173.4634753,-35.0355359],[173.4634753,-35.0355359],[173.4634604,-35.0355097],[173.4634604,-35.0355097],[173.4634443,-35.0354858],[173.4634443,-35.0354858]]]},\"geometry_name\":\"loc\",\"properties\":{\"project\":\"Paranui Swamp Forest\",\"project_id\":314,\"track\":\"Privet D&F\",\"start_time\":\"2026-08-09T22:02:58\",\"end_time\":\"2026-08-10T00:02:11\",\"activity\":\"\",\"notes\":\"\"},\"bbox\":[173.4631904,-35.0358234,173.4638392,-35.035374]},{\"type\":\"Feature\",\"id\":\"default-project-tracks.19160\",\"geometry\":{\"type\":\"MultiLineString\",\"coordinates\":[[[173.4712762,-35.04035],[173.4712762,-35.04035],[173.4712361,-35.0403352],[173.4712361,-35.0403352],[173.4712124,-35.0403151],[173.4712124,-35.0403151],[173.4711772,-35.0403184],[173.4711772,-35.0403184],[173.4711569,-35.0403432],[173.4711569,-35.0403432],[173.4711374,-35.0403655],[173.4711374,-35.0403655],[173.4711005,-35.0403711],[173.4711005,-35.0403711],[173.4710781,-35.0403923],[173.4710781,-35.0403923],[173.4710488,-35.0404116],[173.4710488,-35.0404116],[173.4710186,-35.0404282],[173.4710186,-35.0404282],[173.4710441,-35.0404462],[173.4710441,-35.0404462],[173.4710581,-35.040474],[173.4710581,-35.040474],[173.4710647,-35.0405009],[173.4710647,-35.0405009],[173.4710897,-35.0405234],[173.4710897,-35.0405234],[173.4711126,-35.0405488],[173.4711126,-35.0405488],[173.471146,-35.0405719],[173.471146,-35.0405719],[173.471169,-35.0405927],[173.471169,-35.0405927],[173.4711531,-35.0406169],[173.4711531,-35.0406169],[173.4711161,-35.0406287],[173.4711161,-35.0406287],[173.4710795,-35.0406358],[173.4710795,-35.0406358],[173.4710448,-35.040653],[173.4710448,-35.040653],[173.4710775,-35.0406702],[173.4710775,-35.0406702],[173.4711163,-35.0406832],[173.4711163,-35.0406832],[173.4711423,-35.0407062],[173.4711423,-35.0407062],[173.4711341,-35.0407368],[173.4711341,-35.0407368],[173.4711026,-35.0407529],[173.4711026,-35.0407529],[173.4710705,-35.0407689],[173.4710705,-35.0407689],[173.4710987,-35.0407923],[173.4710987,-35.0407923],[173.4711332,-35.0407883],[173.4711332,-35.0407883],[173.4711642,-35.0407745],[173.4711642,-35.0407745],[173.4711932,-35.04076],[173.4711932,-35.04076],[173.4712082,-35.0407344],[173.4712082,-35.0407344],[173.4712299,-35.0407128],[173.4712299,-35.0407128],[173.4712181,-35.0406836],[173.4712181,-35.0406836],[173.4712021,-35.0406567],[173.4712021,-35.0406567],[173.4711771,-35.0406365],[173.4711771,-35.0406365],[173.4711835,-35.0405882],[173.4711835,-35.0405882],[173.4712036,-35.0405522],[173.4712036,-35.0405522],[173.4712396,-35.0405248],[173.4712396,-35.0405248],[173.4712621,-35.0405008],[173.4712621,-35.0405008],[173.4712902,-35.0404769],[173.4712902,-35.0404769],[173.4713241,-35.0404602],[173.4713241,-35.0404602],[173.4713463,-35.04044],[173.4713463,-35.04044],[173.471374,-35.0404221],[173.471374,-35.0404221],[173.4714075,-35.0404037],[173.4714075,-35.0404037],[173.4714428,-35.0403894],[173.4714428,-35.0403894],[173.4714731,-35.0404016],[173.4714731,-35.0404016],[173.4715062,-35.0404177],[173.4715062,-35.0404177],[173.4715375,-35.0404051],[173.4715375,-35.0404051]]]},\"geometry_name\":\"loc\",\"properties\":{\"project\":\"Paranui Swamp Forest\",\"project_id\":314,\"track\":\"Jasmine scout \",\"start_time\":\"2026-08-30T22:15:03\",\"end_time\":\"2026-08-30T22:20:45\",\"activity\":\"\",\"notes\":\"\"},\"bbox\":[173.4710186,-35.0407923,173.4715375,-35.0403151]}],\"totalFeatures\":10,\"numberMatched\":10,\"numberReturned\":10,\"timeStamp\":\"2026-09-10T22:39:55.491Z\",\"crs\":{\"type\":\"name\",\"properties\":{\"name\":\"urn:ogc:def:crs:EPSG::4326\"}},\"bbox\":[173.4631904,-35.0407923,173.4715375,-35.0353538]}","project":"Paranui Swamp Forest","project_id":314,"start_time":"2026-08-30T22:15:03.000","track":"Jasmine scout "},"type":"Feature"}],"type":"FeatureCollection"}